省份,year,arima,linear_regression,logistic_curve,mlp,median_of_models,indicator,indicator_code,raw_model_reference
上海,2025,90.32166666666666,101.8599999999999,102.21776519671447,90.51241275749605,96.18620637874798,口粮,grain_raw,median_of_models
上海,2026,87.50229999999999,101.37454545454534,101.74518001282904,85.24192677398608,94.43842272727267,口粮,grain_raw,median_of_models
上海,2027,85.07764466666666,100.88909090909078,101.27384891773315,80.01247672987702,92.98336778787872,口粮,grain_raw,median_of_models
上海,2028,82.99244107999999,100.40363636363622,100.80423753281883,74.99279856779944,91.69803872181811,口粮,grain_raw,median_of_models
上海,2029,81.19916599546666,99.91818181818155,100.33680465433105,70.30507235166203,90.55867390682411,口粮,grain_raw,median_of_models
上海,2030,79.656949422768,99.43272727272699,99.87200048635965,66.02813605298027,89.54483834774749,口粮,grain_raw,median_of_models
上海,2031,78.33064317024714,98.94727272727243,99.41026494534245,62.20362423593966,88.63895794875978,口粮,grain_raw,median_of_models
上海,2032,77.19001979307922,98.46181818181788,98.952026049289,58.843438225663775,87.82591898744855,口粮,grain_raw,median_of_models
上海,2033,76.2090836887148,97.97636363636332,98.49769840374495,55.93734409158762,87.09272366253906,口粮,grain_raw,median_of_models
上海,2034,75.36547863896139,97.49090909090876,98.0476817951908,53.459904991794424,86.42819386493508,口粮,grain_raw,median_of_models
上海,2035,74.63997829617347,97.0054545454542,97.6023599011178,51.37631843324915,85.82271642081383,口粮,grain_raw,median_of_models
云南,2025,113.17666666666668,127.07333333333361,127.04135102361565,121.3037102278228,124.17253062571922,口粮,grain_raw,median_of_models
云南,2026,108.85660000000001,126.58484848484875,126.5500153248042,117.90577890922036,122.22789711701228,口粮,grain_raw,median_of_models
云南,2027,105.14134266666669,126.096363636364,126.06093139702902,114.41045577498224,120.23569358600562,口粮,grain_raw,median_of_models
云南,2028,101.94622136000002,125.60787878787914,125.57450941318,110.96646145195874,118.27048543256936,口粮,grain_raw,median_of_models
云南,2029,99.19841703626669,125.11939393939429,125.09115045564482,107.69585198657107,116.39350122110795,口粮,grain_raw,median_of_models
云南,2030,96.83530531785603,124.63090909090943,124.61124523941754,104.6894626872664,114.65035396334197,口粮,grain_raw,median_of_models
云南,2031,94.80302924002285,124.14242424242468,124.1351729087579,102.0071163111859,113.0711446099719,口粮,grain_raw,median_of_models
云南,2032,93.05527181308632,123.65393939393982,123.66329991478555,99.68098798096288,111.66746368745135,口粮,grain_raw,median_of_models
云南,2033,91.55220042592092,123.16545454545496,123.19597898043338,97.72063337517709,110.44304396031603,口粮,grain_raw,median_of_models
云南,2034,90.25955903295866,122.6769696969701,122.73354815818145,96.11850813108293,109.39773891402652,口粮,grain_raw,median_of_models
云南,2035,89.14788743501113,122.18848484848536,122.27632998494823,94.85518802042262,108.52183643445399,口粮,grain_raw,median_of_models
内蒙古,2025,161.8216666666667,166.8466666666659,167.12737553242775,162.70923492582924,164.77795079624758,口粮,grain_raw,median_of_models
内蒙古,2026,159.26030000000003,167.98060606060517,168.15230665720316,162.5982909527,165.2894485066526,口粮,grain_raw,median_of_models
内蒙古,2027,157.0575246666667,169.1145454545449,169.12604744259977,162.766850681986,165.94069806826545,口粮,grain_raw,median_of_models
内蒙古,2028,155.16313788000002,170.24848484848417,170.04504420547795,163.29400755992782,166.66952588270289,口粮,grain_raw,median_of_models
内蒙古,2029,153.5339652434667,171.38242424242344,170.90696596396788,164.23120559640785,167.56908578018786,口粮,grain_raw,median_of_models
内蒙古,2030,152.13287677604802,172.5163636363627,171.71062749639583,165.60450601931512,168.65756675785548,口粮,grain_raw,median_of_models
内蒙古,2031,150.92794069406798,173.65030303030198,172.45587715433234,167.41845613986422,169.93716664709828,口粮,grain_raw,median_of_models
内蒙古,2032,149.89169566356514,174.7842424242417,173.14346147607105,169.66072757480285,171.40209452543695,口粮,grain_raw,median_of_models
内蒙古,2033,149.0005249373327,175.91818181818098,173.77487792945848,172.30683730106443,173.04085761526147,口粮,grain_raw,median_of_models
内蒙古,2034,148.2341181127728,177.05212121212026,174.352225564478,175.32446570172934,174.83834563310367,口粮,grain_raw,median_of_models
内蒙古,2035,147.57500824365127,178.18606060605953,174.87806134786982,178.6770903637122,176.53206097696466,口粮,grain_raw,median_of_models
北京,2025,83.28,98.59999999999945,99.49481547231933,84.67750496837091,91.63875248418518,口粮,grain_raw,median_of_models
北京,2026,80.6828,99.63818181818124,100.5200743074684,79.0770201307668,90.16049090909061,口粮,grain_raw,median_of_models
北京,2027,78.449208,100.67636363636302,101.51765494964313,73.17455735470776,89.56278581818151,口粮,grain_raw,median_of_models
北京,2028,76.52831888,101.71454545454526,102.48592839428972,67.18949112686778,89.12143216727263,口粮,grain_raw,median_of_models
北京,2029,74.8763542368,102.75272727272704,103.4235223099441,61.294737426936834,88.81454075476353,口粮,grain_raw,median_of_models
北京,2030,73.45566464364799,103.79090909090883,104.32931954593211,55.6161851255545,88.62328686727841,口粮,grain_raw,median_of_models
北京,2031,72.23387159353727,104.82909090909061,105.20245283678024,50.23680280481454,88.53148125131395,口粮,grain_raw,median_of_models
北京,2032,71.18312957044205,105.8672727272724,106.0422961528217,45.20336009095134,88.52520114885722,口粮,grain_raw,median_of_models
北京,2033,70.27949143058017,106.90545454545418,106.84845319316179,40.5341186591632,88.56397231187097,口粮,grain_raw,median_of_models
北京,2034,69.50236263029895,107.94363636363596,107.6207435408928,36.22634184342703,88.56155308559588,口粮,grain_raw,median_of_models
北京,2035,68.83403186205709,108.98181818181774,108.3591870032435,32.26293371329163,88.5966094326503,口粮,grain_raw,median_of_models
吉林,2025,142.05666666666667,151.67333333333363,152.0939708498184,140.6549331404254,146.86500000000015,口粮,grain_raw,median_of_models
吉林,2026,140.1274,153.27939393939414,153.2278685510635,137.63778858712905,146.67763427553174,口粮,grain_raw,median_of_models
吉林,2027,138.46823066666667,154.88545454545465,154.2549324953114,134.66480149278402,146.36158158098903,口粮,grain_raw,median_of_models
吉林,2028,137.04134504,156.49151515151516,155.17871551445108,131.90191467488998,146.11003027722555,口粮,grain_raw,median_of_models
吉林,2029,135.81422340106667,158.09757575757567,156.00436782456302,129.47006628543215,145.90929561281484,口粮,grain_raw,median_of_models
吉林,2030,134.758898791584,159.70363636363663,156.73815473239225,127.44790631357645,145.7485267619881,口粮,grain_raw,median_of_models
吉林,2031,133.8513196274289,161.30969696969714,157.3870291608091,125.87748701074545,145.619174394119,口粮,grain_raw,median_of_models
吉林,2032,133.07080154625552,162.91575757575765,157.95827262655615,124.77138907560507,145.51453708640582,口粮,grain_raw,median_of_models
吉林,2033,132.39955599644642,164.52181818181816,158.45920855726177,124.12009006312915,145.42938227685408,口粮,grain_raw,median_of_models
吉林,2034,131.8222848236106,166.12787878787867,158.89698491587993,123.89876605418549,145.35963486974526,口粮,grain_raw,median_of_models
吉林,2035,131.32583161497178,167.73393939393964,159.2784188204089,124.07307159278301,145.30212521769033,口粮,grain_raw,median_of_models
四川,2025,111.2684,123.64036363636387,119.86616427679273,112.74915357837205,116.3076589275824,口粮,grain_raw,median_of_models
四川,2026,105.565224,120.21254545454576,115.45755979709764,105.91721292524846,110.68738636117305,口粮,grain_raw,median_of_models
四川,2027,100.66049264,116.78472727272765,111.58814164112982,99.47498437141724,106.12431714056491,口粮,grain_raw,median_of_models
四川,2028,96.4424236704,113.35690909090863,108.31085809460754,93.54907424886095,102.37664088250378,口粮,grain_raw,median_of_models
四川,2029,92.814884356544,109.92909090909052,105.61784132344587,88.2242485344477,99.21636283999493,口粮,grain_raw,median_of_models
四川,2030,89.69520054662785,106.50127272727241,103.45942607581418,83.54808069890264,96.57731331122102,口粮,grain_raw,median_of_models
四川,2031,87.01227247009994,103.0734545454543,101.76379956356423,79.53692305340117,94.38803601683209,口粮,grain_raw,median_of_models
四川,2032,84.70495432428595,99.64563636363619,100.4525795595522,76.18236052107316,92.17529534396107,口粮,grain_raw,median_of_models
四川,2033,82.72066071888591,96.21781818181807,99.45093289392653,73.45751191065261,89.46923945035199,口粮,grain_raw,median_of_models
四川,2034,81.01416821824188,92.78999999999996,98.69288939271419,71.32274665213562,86.90208410912092,口粮,grain_raw,median_of_models
四川,2035,79.54658466768801,89.36218181818185,98.12325254353085,69.73056777343234,84.45438324293494,口粮,grain_raw,median_of_models
天津,2025,87.25166666666668,89.3066666666673,90.2188532132561,89.51029068545847,89.40847867606288,口粮,grain_raw,median_of_models
天津,2026,83.25410000000002,85.4096969696975,87.4732080559394,86.51789733261197,85.96379715115474,口粮,grain_raw,median_of_models
天津,2027,79.8161926666667,81.51272727272772,85.10315861180887,83.99900357396922,82.75586542334847,口粮,grain_raw,median_of_models
天津,2028,76.85959236000004,77.61575757575793,83.08936949585008,81.98765934581428,79.8017084607861,口粮,grain_raw,median_of_models
天津,2029,74.31691609626671,73.71878787878813,81.4011150164129,80.49777928167697,77.40734768897184,口粮,grain_raw,median_of_models
天津,2030,72.13021450945604,69.82181818181834,80.00163486015,79.52517940717337,75.8276969583147,口粮,grain_raw,median_of_models
天津,2031,70.24965114479886,65.92484848484855,78.85233358192964,79.05072660811517,74.55099236336426,口粮,grain_raw,median_of_models
天津,2032,68.63236665119369,62.02787878787876,77.91571525203476,79.04403176000534,73.27404095161423,口粮,grain_raw,median_of_models
天津,2033,67.24150198669325,58.13090909090897,77.15719202586976,79.46717415523969,72.1993470062815,口粮,grain_raw,median_of_models
天津,2034,66.04535837522288,54.23393939393918,76.54601228402709,80.27807733857615,71.29568532962497,口粮,grain_raw,median_of_models
天津,2035,65.01667486935834,50.33696969696939,76.05556704114015,81.4333115441799,70.53612095524925,口粮,grain_raw,median_of_models
宁夏,2025,104.96,107.45333333333338,108.01969544307515,110.32513780342822,107.73651438820426,口粮,grain_raw,median_of_models
宁夏,2026,102.60359999999999,105.9903030303035,107.46057369744358,109.95485967141553,106.72543836387354,口粮,grain_raw,median_of_models
宁夏,2027,100.57709599999998,104.52727272727316,107.01746697159545,109.66932529922705,105.77236984943431,口粮,grain_raw,median_of_models
宁夏,2028,98.83430255999998,103.06424242424282,106.66917658465435,109.50876731633396,104.86670950444858,口粮,grain_raw,median_of_models
宁夏,2029,97.33550020159998,101.60121212121248,106.3971777675177,109.51235778877606,103.99919494436509,口粮,grain_raw,median_of_models
宁夏,2030,96.04653017337598,100.13818181818215,106.18582965604293,109.71190293417851,103.16200573711254,口粮,grain_raw,median_of_models
宁夏,2031,94.93801594910335,98.67515151515181,106.02225204686552,110.12876221310063,102.34870178100866,口粮,grain_raw,median_of_models
宁夏,2032,93.98469371622888,97.21212121212147,105.89603196481065,110.77328117736238,101.55407658846606,口粮,grain_raw,median_of_models
宁夏,2033,93.16483659595683,95.74909090909159,105.79886615292139,111.64587391445676,100.77397853100649,口粮,grain_raw,median_of_models
宁夏,2034,92.45975947252288,94.28606060606126,105.72420178120267,112.73897127467843,100.00513119363197,口粮,grain_raw,median_of_models
宁夏,2035,91.85339314636967,92.82303030303092,105.66690767672048,114.03923946914857,99.2449689898757,口粮,grain_raw,median_of_models
安徽,2025,130.96333333333334,143.5266666666667,143.41724552879535,135.44831490219443,139.4327802154949,口粮,grain_raw,median_of_models
安徽,2026,128.09380000000002,143.66242424242427,143.53230089756408,132.2207928714558,137.87654688450993,口粮,grain_raw,median_of_models
安徽,2027,125.62600133333335,143.79818181818183,143.64730472012536,129.08320177784364,136.36525324898452,口粮,grain_raw,median_of_models
安徽,2028,123.50369448000001,143.9339393939394,143.7622468465405,126.18017611926928,134.9712114829049,口粮,grain_raw,median_of_models
安徽,2029,121.67851058613334,144.06969696969696,143.87711714868652,123.61861173567732,133.74786444218194,口粮,grain_raw,median_of_models
安徽,2030,120.108852437408,144.20545454545453,143.99190552381557,121.46851016417249,132.73020784399404,口粮,grain_raw,median_of_models
安徽,2031,118.75894642950422,144.34121212121215,144.1066018980948,119.76704831958588,131.93682510884034,口粮,grain_raw,median_of_models
安徽,2032,117.59802726270696,144.47696969696972,144.2211962301251,118.52442677500086,131.37281150256297,口粮,grain_raw,median_of_models
安徽,2033,116.59963677926132,144.61272727272728,144.33567851443505,117.73029791724234,131.03298821583869,口粮,grain_raw,median_of_models
安徽,2034,115.74102096349806,144.74848484848485,144.4500387849488,117.3599143221805,130.90497655356464,口粮,grain_raw,median_of_models
安徽,2035,115.00261136194166,144.88424242424242,144.56426711842374,117.37947791622118,130.97187251732245,口粮,grain_raw,median_of_models
山东,2025,95.295,114.15984848484595,113.14339240829744,114.7599208913424,113.6516204465717,口粮,grain_raw,median_of_models
山东,2026,92.2807,112.41456876456596,111.31349435324658,112.68947782728493,111.86403155890628,口粮,grain_raw,median_of_models
山东,2027,89.688402,110.66928904428596,109.51847386369352,110.51160402056775,110.01503894213063,口粮,grain_raw,median_of_models
山东,2028,87.45902572,108.92400932400642,107.76274418174611,108.2820567096733,108.0224004457097,口粮,grain_raw,median_of_models
山东,2029,85.5417621192,107.17872960372642,106.050289708337,106.05738865369064,106.05383918101381,口粮,grain_raw,median_of_models
山东,2030,83.892915422512,105.43344988344688,104.3846396765223,103.88975432338775,104.13719699995502,口粮,grain_raw,median_of_models
山东,2031,82.47490726336032,103.68817016316689,102.76885128511296,101.82358005047847,102.2962156677957,口粮,grain_raw,median_of_models
山东,2032,81.25542024648988,101.94289044288689,101.2055020259448,99.89388238771973,100.54969220683226,口粮,grain_raw,median_of_models
山东,2033,80.20666141198129,100.19761072260735,99.69669066947878,98.12588927029958,98.91128996988918,口粮,grain_raw,median_of_models
山东,2034,79.3047288143039,98.45233100232736,98.24404615268867,96.53558457084911,97.38981536176888,口粮,grain_raw,median_of_models
山东,2035,78.52906678030135,96.70705128204781,96.8487434459463,95.13082501526274,95.91893814865529,口粮,grain_raw,median_of_models
山西,2025,107.83666666666666,128.35999999999967,128.9733852873747,104.8814536624033,118.09833333333316,口粮,grain_raw,median_of_models
山西,2026,100.12819999999999,127.02727272727225,127.63974319890156,93.57042748711282,113.57773636363612,口粮,grain_raw,median_of_models
山西,2027,93.49891866666665,125.69454545454482,126.3150526762175,82.25892243393875,109.59673206060575,口粮,grain_raw,median_of_models
山西,2028,87.79773671999999,124.3618181818174,125.00201918424068,71.26690439252398,106.0797774509087,口粮,grain_raw,median_of_models
山西,2029,82.89472024586665,123.02909090908997,123.70325157305136,60.82386469480872,102.96190557747832,口粮,grain_raw,median_of_models
山西,2030,78.67812607811199,121.69636363636255,122.42124221092247,51.077083158455025,100.18724485723726,口粮,grain_raw,median_of_models
山西,2031,75.05185509384297,120.36363636363512,121.15834910213368,42.1046003545203,97.70774572873904,口粮,grain_raw,median_of_models
山西,2032,71.93326204737163,119.0309090909077,119.91678023687827,33.929969197333804,95.48208556913966,口粮,grain_raw,median_of_models
山西,2033,69.25127202740626,117.69818181818027,118.69858035871732,26.536700571423655,93.47472692279327,口粮,grain_raw,median_of_models
山西,2034,66.94476061023605,116.36545454545285,117.50562027071933,19.88111210850348,91.65510757784445,口粮,grain_raw,median_of_models
山西,2035,64.96116079146967,115.03272727272542,116.33958873720655,13.902946105701428,89.99694403209755,口粮,grain_raw,median_of_models
广东,2025,100.62333333333333,108.76666666666642,108.88944501744211,104.5439319533103,106.65529930998837,口粮,grain_raw,median_of_models
广东,2026,96.1714,107.73878787878766,107.93147531223612,102.10582934948758,104.92230861413762,口粮,grain_raw,median_of_models
广东,2027,92.34273733333335,106.7109090909089,107.007117383598,99.90038576930806,103.30564743010848,口粮,grain_raw,median_of_models
广东,2028,89.05008744000001,105.68303030303014,106.11949496363528,98.01100428058957,101.84701729180986,口粮,grain_raw,median_of_models
广东,2029,86.21840853173335,104.65515151515092,105.27109756359853,96.49390239773003,100.57452695644048,口粮,grain_raw,median_of_models
广东,2030,83.78316467062402,103.62727272727216,104.46378389664643,95.3799058067415,99.50358926700683,口粮,grain_raw,median_of_models
广东,2031,81.68885495007,102.5993939393934,103.69880340226156,94.67805382124726,98.63872388032033,口粮,grain_raw,median_of_models
广东,2032,79.88774859039353,101.57151515151463,102.9768327816822,94.3801114869367,97.97581331922567,口粮,grain_raw,median_of_models
广东,2033,78.33879712107176,100.54363636363587,102.29802411710405,94.46524621137804,97.50444128750695,口粮,grain_raw,median_of_models
广东,2034,77.00669885745505,99.5157575757571,101.66206109080113,94.90434614495473,97.21005186035592,口粮,grain_raw,median_of_models
广东,2035,75.86109435074468,98.48787878787789,101.06821999534357,95.66367702296026,97.07577790541907,口粮,grain_raw,median_of_models
广西,2025,112.41666666666667,125.00666666666757,125.11392821424573,116.71371488872711,120.86019077769734,口粮,grain_raw,median_of_models
广西,2026,107.013,123.33878787878893,123.44304027532546,111.3749650398214,117.35687645930517,口粮,grain_raw,median_of_models
广西,2027,102.36584666666667,121.67090909090984,121.83078374133139,106.06934049762846,113.87012479426915,口粮,grain_raw,median_of_models
广西,2028,98.3692948,120.00303030303121,120.28891899153685,100.96615417879306,110.48459224091214,口粮,grain_raw,median_of_models
广西,2029,94.93226019466667,118.33515151515212,118.82690281855751,96.19509674654338,107.26512413084775,口粮,grain_raw,median_of_models
广西,2030,91.97641043408,116.66727272727348,117.45177522254168,91.8451223728158,104.32184158067673,口粮,grain_raw,median_of_models
广西,2031,89.43437963997546,114.99939393939485,116.16818366548995,87.96772945455092,102.21688678968516,口粮,grain_raw,median_of_models
广西,2032,87.24823315704556,113.33151515151576,114.97852303726792,84.58284986106537,100.28987415428065,口粮,grain_raw,median_of_models
广西,2033,85.36814718172585,111.66363636363712,113.88316294992957,81.68581729682504,98.51589177268148,口粮,grain_raw,median_of_models
广西,2034,83.75127324295089,109.99575757575849,112.8807318578429,79.25428822475993,96.8735154093547,口粮,grain_raw,median_of_models
广西,2035,82.36076165560442,108.3278787878794,111.96842913581285,77.2544091735423,95.34432022174191,口粮,grain_raw,median_of_models
新疆,2025,118.6,115.70000000000073,124.63247340344437,123.12377103393092,120.86188551696546,口粮,grain_raw,median_of_models
新疆,2026,113.698,109.91636363636462,123.63063564539958,121.54952411752872,117.62376205876436,口粮,grain_raw,median_of_models
新疆,2027,109.48227999999999,104.13272727272852,122.93572749287262,120.6439705237914,115.06312526189569,口粮,grain_raw,median_of_models
新疆,2028,105.85676079999999,98.34909090909241,122.45666128210617,120.38287185396713,113.11981632698357,口粮,grain_raw,median_of_models
新疆,2029,102.73881428799999,92.5654545454563,122.12778932415681,120.73786205803452,111.73833817301725,口粮,grain_raw,median_of_models
新疆,2030,100.05738028767999,86.78181818181838,121.90267851216889,121.67502130580401,110.86620079674199,口粮,grain_raw,median_of_models
新疆,2031,97.75134704740479,80.99818181818227,121.74889783107783,123.15480556194547,109.75012243924131,口粮,grain_raw,median_of_models
新疆,2032,95.76815846076812,75.21454545454617,121.6439878679599,125.13306463394889,108.706073164364,口粮,grain_raw,median_of_models
新疆,2033,94.06261627626058,69.43090909091006,121.57248412450376,127.56270419402658,107.81755020038217,口粮,grain_raw,median_of_models
新疆,2034,92.5958499975841,63.64727272727396,121.52377995173367,130.39555657310572,107.05981497465888,口粮,grain_raw,median_of_models
新疆,2035,91.33443099792233,57.86363636363603,121.49061980318601,133.58413073252822,106.41252540055416,口粮,grain_raw,median_of_models
江苏,2025,132.26618181818182,132.821515151516,132.9306967517211,138.9086407387743,132.87610595161854,口粮,grain_raw,median_of_models
江苏,2026,133.09709818181818,133.99123543123596,134.17720243186716,142.18634507150702,134.08421893155156,口粮,grain_raw,median_of_models
江苏,2027,133.81168625454546,135.16095571095593,135.33545028599713,145.5049885217921,135.24820299847653,口粮,grain_raw,median_of_models
江苏,2028,134.42623199709092,136.33067599067635,136.39570111883106,148.85110961404098,136.36318855475372,口粮,grain_raw,median_of_models
江苏,2029,134.95474133568,137.50039627039632,137.353031466643,152.2204094201065,137.42671386851964,口粮,grain_raw,median_of_models
江苏,2030,135.40925936686662,138.6701165501163,138.20679088979264,155.6144108552548,138.43845371995445,口粮,grain_raw,median_of_models
江苏,2031,135.80014487368712,139.8398368298367,138.95981427686394,159.0377342428741,139.39982555335033,口粮,grain_raw,median_of_models
江苏,2032,136.13630640955273,141.00955710955668,139.61753932219304,162.49607832050296,140.31354821587485,口粮,grain_raw,median_of_models
江苏,2033,136.42540533039715,142.1792773892771,140.18714877979554,165.9948683440798,141.1832130845363,口粮,grain_raw,median_of_models
江苏,2034,136.67403040232338,143.34899766899707,140.67681616493954,169.53846410960196,142.0129069169683,口粮,grain_raw,median_of_models
江苏,2035,136.8878479641799,144.51871794871704,141.0950943895429,173.129795297123,142.80690616912997,口粮,grain_raw,median_of_models
江西,2025,137.37833333333333,158.28000000000065,158.65653943908825,153.85842441201194,156.06921220600628,口粮,grain_raw,median_of_models
江西,2026,132.3717,159.84363636363742,160.3303703881648,152.44538318639763,156.14450977501753,口粮,grain_raw,median_of_models
江西,2027,128.06599533333335,161.40727272727372,161.97031264094096,150.67354851801028,156.040410622642,口粮,grain_raw,median_of_models
江西,2028,124.36308932000001,162.97090909091048,163.56835466167885,148.70506308802067,155.83798608946557,口粮,grain_raw,median_of_models
江西,2029,121.17859014853335,164.5345454545468,165.1173516813588,146.68650445628705,155.6105249554169,口粮,grain_raw,median_of_models
江西,2030,118.43992086107201,166.09818181818355,166.6111296192815,144.73846105644398,155.41832143731375,口粮,grain_raw,median_of_models
江西,2031,116.08466527385526,167.66181818181985,168.04455061505686,142.9515544080109,155.30668629491538,口粮,grain_raw,median_of_models
江西,2032,114.05914546884887,169.2254545454566,169.41354075030634,141.38713483752997,155.3062946914933,口粮,grain_raw,median_of_models
江西,2033,112.31719843654336,170.78909090909292,170.71508263988736,140.08084141218973,155.39796202603856,口粮,grain_raw,median_of_models
江西,2034,110.81912398876062,172.35272727272968,171.94717721052126,139.04751194838033,155.49734457945078,口粮,grain_raw,median_of_models
江西,2035,109.53077996366747,173.916363636366,173.1087800853516,138.28635114639908,155.69756561587536,口粮,grain_raw,median_of_models
河北,2025,146.40245454545456,171.19045454545812,173.61627226237727,172.56712455751972,171.87878955148892,口粮,grain_raw,median_of_models
河北,2026,145.63056545454546,174.6986013986043,176.00905403872426,174.8737240192545,174.7861627089294,口粮,grain_raw,median_of_models
河北,2027,144.96674083636364,178.20674825175138,177.92822258073073,176.61244478593642,177.27033368333358,口粮,grain_raw,median_of_models
河北,2028,144.39585166472727,181.71489510489755,179.4390844098303,177.85151743593028,178.64530092288027,口粮,grain_raw,median_of_models
河北,2029,143.90488697712001,185.22304195804463,180.61114034299737,178.67317870795097,179.64215952547417,口粮,grain_raw,median_of_models
河北,2030,143.48265734577777,188.7311888111908,181.510033821235,179.16358474903495,180.33680928513496,口粮,grain_raw,median_of_models
河北,2031,143.11953986282342,192.23933566433698,182.19340430527157,179.40551619861907,180.79946025194533,口粮,grain_raw,median_of_models
河北,2032,142.80725882748268,195.74748251748406,182.70946789111383,179.47368172239305,181.09157480675344,口粮,grain_raw,median_of_models
河北,2033,142.53869713708966,199.25562937063023,183.0972231299832,179.4321908996439,181.26470701481355,口粮,grain_raw,median_of_models
河北,2034,142.30773408335165,202.7637762237773,183.38746742241105,179.3336809615679,181.36057419198949,口粮,grain_raw,median_of_models
河北,2035,142.10910585713697,206.27192307692349,183.60410570929162,179.21959454458414,181.41185012693788,口粮,grain_raw,median_of_models
河南,2025,137.73166666666668,151.46000000000095,150.41738434420247,146.13416868792956,148.275776516066,口粮,grain_raw,median_of_models
河南,2026,134.14690000000002,154.2709090909102,151.17988004094542,146.28447862026272,148.73217933060408,口粮,grain_raw,median_of_models
河南,2027,131.0640006666667,157.08181818181947,151.6537150709693,146.30722459618073,148.980469833575,口粮,grain_raw,median_of_models
河南,2028,128.41270724000003,159.89272727272873,151.94327102766457,146.31961950113504,149.13144526439982,口粮,grain_raw,median_of_models
河南,2029,126.1325948930667,162.703636363638,152.11840560526494,146.41849166231594,149.26844863379046,口粮,grain_raw,median_of_models
河南,2030,124.17169827470403,165.51454545454726,152.22367560851058,146.67696792158176,149.45032176504617,口粮,grain_raw,median_of_models
河南,2031,122.48532718291213,168.32545454545652,152.28671448027546,147.14464942598136,149.7156819531284,口粮,grain_raw,median_of_models
河南,2032,121.0350480439711,171.1363636363658,152.32437931220895,147.8501077668884,150.0872435395487,口粮,grain_raw,median_of_models
河南,2033,119.78780798448182,173.94727272727505,152.34685329844072,148.8046126300328,150.57573296423675,口粮,grain_raw,median_of_models
河南,2034,118.71518153332103,176.7581818181834,152.36025240721162,150.00623311883803,151.18324276302482,口粮,grain_raw,median_of_models
河南,2035,117.79272278532275,179.56909090909267,152.36823720713022,151.4437305600679,151.90598388359905,口粮,grain_raw,median_of_models
浙江,2025,124.615,139.51333333333343,139.99028542993105,129.93280933043468,134.72307133188406,口粮,grain_raw,median_of_models
浙江,2026,121.2739,140.07393939393944,140.59266887573463,126.2411380620708,133.15753872800514,口粮,grain_raw,median_of_models
浙江,2027,118.400554,140.63454545454545,141.1907484102859,122.52184518751673,131.5781953210311,口粮,grain_raw,median_of_models
浙江,2028,115.92947644,141.19515151515168,141.78359555759477,118.94367657123377,130.06941404319272,口粮,grain_raw,median_of_models
浙江,2029,113.8043497384,141.75575757575768,142.3703150870673,115.63574699354332,128.6957522846505,口粮,grain_raw,median_of_models
浙江,2030,111.97674077502401,142.31636363636392,142.95005013873526,112.68730987000504,127.50183675318448,口粮,grain_raw,median_of_models
浙江,2031,110.40499706652065,142.87696969696992,143.52198684828366,110.15140671076486,126.64098338174529,口粮,grain_raw,median_of_models
浙江,2032,109.05329747720776,143.43757575757593,144.08535842484747,108.05075505803734,126.24543661739185,口粮,grain_raw,median_of_models
浙江,2033,107.89083583039867,143.99818181818216,144.63944864614132,106.38449645603261,125.94450882429041,口粮,grain_raw,median_of_models
浙江,2034,106.89111881414286,144.55878787878817,145.18359474736602,105.13480154986884,125.72495334646551,口粮,grain_raw,median_of_models
浙江,2035,106.03136218016286,145.1193939393944,145.71718969214956,104.27271181645652,125.57537805977863,口粮,grain_raw,median_of_models
海南,2025,98.52063636363637,103.23030303030285,103.30472995312454,103.1573803225626,103.19384167643273,口粮,grain_raw,median_of_models
海南,2026,97.07638363636364,103.36509324009299,103.46321332764566,103.05150581094377,103.20829952551838,口粮,grain_raw,median_of_models
海南,2027,95.8343262909091,103.49988344988313,103.62184413241548,102.91557705231882,103.20773025110097,口粮,grain_raw,median_of_models
海南,2028,94.7661569738182,103.63467365967333,103.78060134597709,102.7831605609577,103.20891711031551,口粮,grain_raw,median_of_models
海南,2029,93.84753136112002,103.76946386946346,103.93946387954895,102.68689792342774,103.2281808964456,口粮,grain_raw,median_of_models
海南,2030,93.05751333419958,103.90425407925366,104.09841058819525,102.65588100086597,103.28006754005982,口粮,grain_raw,median_of_models
海南,2031,92.37809783104801,104.0390442890438,104.25742028205943,102.7140448332491,103.37654456114646,口粮,grain_raw,median_of_models
海南,2032,91.79380049833766,104.17383449883394,104.41647173764915,102.87945151068246,103.5266430047582,口粮,grain_raw,median_of_models
海南,2033,91.29130479220676,104.30862470862414,104.57554370915906,103.16427007160787,103.73644739011601,口粮,grain_raw,median_of_models
海南,2034,90.85915848493418,104.44341491841428,104.73461493981937,103.57524072390865,104.00932782116146,口粮,grain_raw,median_of_models
海南,2035,90.48751266067977,104.57820512820442,104.893664173256,104.11442878836449,104.34631695828446,口粮,grain_raw,median_of_models
湖北,2025,92.24166666666666,114.94666666666672,114.74716100763258,101.60020537219428,108.17368318991343,口粮,grain_raw,median_of_models
湖北,2026,86.1715,114.38787878787889,114.13417437317892,94.6537641778422,104.39396927551056,口粮,grain_raw,median_of_models
湖北,2027,80.95115666666666,113.82909090909106,113.52295357111184,87.4592663568249,100.49110996396837,口粮,grain_raw,median_of_models
湖北,2028,76.4616614,113.27030303030301,112.91385575277675,80.25380879540087,96.58383227408882,口粮,grain_raw,median_of_models
湖北,2029,72.60069547066666,112.71151515151519,112.30723305743804,73.225371220675,92.76630213905652,口粮,grain_raw,median_of_models
湖北,2030,69.28026477144,112.15272727272736,111.70343181409989,66.51063632339212,90.49184829276994,口粮,grain_raw,median_of_models
湖北,2031,66.42469437010507,111.59393939393954,111.10279177207329,60.19855191281976,88.76374307108918,口粮,grain_raw,median_of_models
湖北,2032,63.96890382495703,111.03515151515171,110.50564536380222,54.33729662157104,87.23727459437963,口粮,grain_raw,median_of_models
湖北,2033,61.85692395612971,110.47636363636366,109.91231700319368,48.942694665660326,85.88462047966169,口粮,grain_raw,median_of_models
湖北,2034,60.04062126893822,109.91757575757583,109.32312242240563,44.00666018221289,84.68187184567192,口粮,grain_raw,median_of_models
湖北,2035,58.47860095795353,109.35878787878801,108.73836804973482,39.50478646324879,83.60848450384418,口粮,grain_raw,median_of_models
湖南,2025,135.57833333333332,149.99333333333345,150.0336243230546,140.41021360495398,145.20177346914372,口粮,grain_raw,median_of_models
湖南,2026,132.97969999999998,150.33030303030318,150.3838873829393,136.22315717930778,143.2767301048055,口粮,grain_raw,median_of_models
湖南,2027,130.7448753333333,150.66727272727292,150.7337921692041,131.91813355855098,141.29270314291193,口粮,grain_raw,median_of_models
湖南,2028,128.82292611999998,151.00424242424265,151.0831889770671,127.68536861703707,139.9135842721213,口粮,grain_raw,median_of_models
湖南,2029,127.1700497965333,151.34121212121238,151.43192897231216,123.67590738456035,139.25563095887284,口粮,grain_raw,median_of_models
湖南,2030,125.74857615835197,151.6781818181821,151.77986444354346,119.9988828215278,138.71337898826704,口粮,grain_raw,median_of_models
湖南,2031,124.52610882951602,152.01515151515184,152.12684905037335,116.72383748468206,138.27063017233394,口粮,grain_raw,median_of_models
湖南,2032,123.4747869267171,152.35212121212157,152.47273806666362,113.88617572655093,137.91345406941934,口粮,grain_raw,median_of_models
湖南,2033,122.57065009031004,152.6890909090913,152.81738861797336,111.49406551083362,137.62987049970067,口粮,grain_raw,median_of_models
湖南,2034,121.79309241099996,153.02606060606104,153.16065991240222,109.53552610533973,137.4095765085305,口粮,grain_raw,median_of_models
湖南,2035,121.1243928067933,153.36303030303077,153.5024134640557,107.9848866745206,137.24371155491204,口粮,grain_raw,median_of_models
甘肃,2025,123.66,140.98666666666668,141.46924231336783,127.65869706050319,134.32268186358493,口粮,grain_raw,median_of_models
甘肃,2026,117.00359999999999,138.90606060606024,139.3882401295222,119.9189005459206,129.4124805759904,口粮,grain_raw,median_of_models
甘肃,2027,111.279096,136.8254545454547,137.46814237675144,112.26324583486854,124.54435019016162,口粮,grain_raw,median_of_models
甘肃,2028,106.35602256,134.74484848484826,135.7338383626082,104.91719473939422,120.55043552242412,口粮,grain_raw,median_of_models
甘肃,2029,102.1221794016,132.66424242424182,134.1972250309241,98.04688953124744,117.3932109129209,口粮,grain_raw,median_of_models
甘肃,2030,98.481074285376,130.5836363636363,132.85882301524774,91.76128923556178,114.53235532450614,口粮,grain_raw,median_of_models
甘肃,2031,95.34972388542336,128.50303030302985,131.71029687623397,86.11902466230524,111.92637709422661,口粮,grain_raw,median_of_models
甘肃,2032,92.65676254146409,126.4224242424234,130.73723778584107,81.13771687290652,109.53959339194375,口粮,grain_raw,median_of_models
甘肃,2033,90.34081578565912,124.34181818181787,129.92173433052136,76.80395825232519,107.3413169837385,口粮,grain_raw,median_of_models
甘肃,2034,88.34910157566684,122.26121212121143,129.24446702292525,73.08270639216404,105.30515684843914,口粮,grain_raw,median_of_models
甘肃,2035,86.63622735507347,120.1806060606059,128.68624166560107,69.92536421826286,103.40841670783968,口粮,grain_raw,median_of_models
福建,2025,115.45166666666667,121.88666666666677,121.86806524582228,120.13346314715484,121.00076419648856,口粮,grain_raw,median_of_models
福建,2026,114.12010000000001,121.44969696969713,121.41601752826016,119.21862662746994,120.31732207786504,口粮,grain_raw,median_of_models
福建,2027,112.97495266666668,121.01272727272737,120.96863495995848,118.50111257294944,119.73487376645396,口粮,grain_raw,median_of_models
福建,2028,111.99012596000001,120.57575757575773,120.52708799337518,118.0445125851972,119.28580028928619,口粮,grain_raw,median_of_models
福建,2029,111.14317499226668,120.1387878787881,120.09248429906727,117.8947100721001,118.99359718558368,口粮,grain_raw,median_of_models
福建,2030,110.41479716001601,119.70181818181834,119.6658584806666,118.07920966702414,118.87253407384537,口粮,grain_raw,median_of_models
福建,2031,109.78839222428043,119.2648484848487,119.2481633768306,118.60852962915445,118.92834650299253,口粮,grain_raw,median_of_models
福建,2032,109.24968397954784,118.82787878787906,118.84026307352309,119.4789092343239,118.83407093070107,口粮,grain_raw,median_of_models
福建,2033,108.78639488907781,118.3909090909093,118.44292769139903,120.67561879483648,118.41691839115417,口粮,grain_raw,median_of_models
福建,2034,108.38796627127358,117.95393939393966,118.05682995604526,122.17630896528462,118.00538467499246,口粮,grain_raw,median_of_models
福建,2035,108.04531765996195,117.51696969697002,117.68254350591666,123.95402497980895,117.59975660144335,口粮,grain_raw,median_of_models
西藏,2025,104.93833333333333,111.16666666667152,129.7335961177321,128.67308362734815,119.91987514700983,口粮,grain_raw,median_of_models
西藏,2026,88.5453,93.84242424242257,125.55743908494037,121.90147001793761,107.87194713018009,口粮,grain_raw,median_of_models
西藏,2027,74.44729133333334,76.51818181818089,122.61307082505233,116.90122524917956,96.70970353368023,口粮,grain_raw,median_of_models
西藏,2028,62.32300388000001,59.19393939393922,120.55608284800597,113.54876881962954,87.93588634981478,口粮,grain_raw,median_of_models
西藏,2029,51.89611667013334,41.86969696969754,119.12820823837004,111.71183052010372,81.80397359511852,口粮,grain_raw,median_of_models
西藏,2030,42.92899366964801,24.54545454545587,118.14143847699572,111.2531966556988,77.09109516267341,口粮,grain_raw,median_of_models
西藏,2031,35.21726788923062,7.221212121214194,117.4616009510768,112.03410266349552,73.62568527636307,口粮,grain_raw,median_of_models
西藏,2032,28.58518371807167,0.0,116.99421760268307,113.91750628321358,71.25134500064263,口粮,grain_raw,median_of_models
西藏,2033,22.88159133087497,0.0,116.67336334190763,116.77112772466207,69.7774773363913,口粮,grain_raw,median_of_models
西藏,2034,17.97650187788581,0.0,116.45332043361569,120.47003922453084,67.21491115575074,口粮,grain_raw,median_of_models
西藏,2035,13.758124948315132,0.0,116.30251792582155,124.89862917990902,65.03032143706834,口粮,grain_raw,median_of_models
贵州,2025,118.36166666666666,118.08000000000061,117.89882450360109,124.85209129777103,118.22083333333364,口粮,grain_raw,median_of_models
贵州,2026,117.3827,117.33818181818265,117.23341617458176,126.82423844759816,117.36044090909132,口粮,grain_raw,median_of_models
贵州,2027,116.54078866666667,116.59636363636446,116.58091560481603,128.88152648976,116.58863962059024,口粮,grain_raw,median_of_models
贵州,2028,115.81674492,115.85454545454627,115.9421192422399,131.02282773862993,115.89833234839308,口粮,grain_raw,median_of_models
贵州,2029,115.19406729786667,115.1127272727283,115.31774098093591,133.2598336070287,115.25590413940128,口粮,grain_raw,median_of_models
贵州,2030,114.658564542832,114.37090909091012,114.70841090477397,135.60835511434854,114.68348772380298,口粮,grain_raw,median_of_models
贵州,2031,114.19803217350218,113.62909090909193,114.11467495418078,138.0826607904404,114.15635356384149,口粮,grain_raw,median_of_models
贵州,2032,113.80197433587854,112.88727272727397,113.53699546170212,140.69248625725217,113.66948489879033,口粮,grain_raw,median_of_models
贵州,2033,113.46136459552221,112.14545454545578,112.97575248984928,143.44203347108157,113.21855854268574,口粮,grain_raw,median_of_models
贵州,2034,113.16844021881577,111.40363636363782,112.43124589519127,146.33024376164425,112.79984305700353,口粮,grain_raw,median_of_models
贵州,2035,112.91652525484824,110.66181818181963,111.9036980357544,149.35174454503218,112.41011164530133,口粮,grain_raw,median_of_models
辽宁,2025,143.10999999999999,152.72666666666646,154.06184337393628,149.37426014902167,151.05046340784406,口粮,grain_raw,median_of_models
辽宁,2026,141.91459999999998,155.01333333333332,155.83732268766983,149.54193737335294,152.27763535334313,口粮,grain_raw,median_of_models
辽宁,2027,140.88655599999998,157.30000000000018,157.32302161871957,149.4923387749124,153.3961693874563,口粮,grain_raw,median_of_models
辽宁,2028,140.00243815999997,159.58666666666704,158.54094774809744,149.34458480686342,153.94276627748042,口粮,grain_raw,median_of_models
辽宁,2029,139.24209681759996,161.873333333333,159.5226530399666,149.2047486157888,154.3637008278777,口粮,grain_raw,median_of_models
辽宁,2030,138.58820326313597,164.15999999999985,160.30324377990172,149.15870731097112,154.73097554543642,口粮,grain_raw,median_of_models
辽宁,2031,138.02585480629693,166.44666666666672,160.91722282097584,149.2696327667994,155.0934277938876,口粮,grain_raw,median_of_models
辽宁,2032,137.54223513341535,168.73333333333358,161.3960436901229,149.5788289111499,155.4874363006364,口粮,grain_raw,median_of_models
辽宁,2033,137.1263222147372,171.02000000000044,161.7669772174536,150.10859727977206,155.93778724861284,口粮,grain_raw,median_of_models
辽宁,2034,136.76863710467399,173.3066666666673,162.05285049161074,150.86602874277497,156.45943961719286,口粮,grain_raw,median_of_models
辽宁,2035,136.46102791001962,175.59333333333416,162.27229230389298,151.84692882002358,157.05961056195827,口粮,grain_raw,median_of_models
重庆,2025,130.217,140.95574924572566,140.9544390392828,144.46965700623778,140.9550941425042,口粮,grain_raw,median_of_models
重庆,2026,125.84562000000001,139.52511565538043,140.03324450405222,144.1384922715539,139.77918007971633,口粮,grain_raw,median_of_models
重庆,2027,122.08623320000001,138.0944820650352,139.16864711973628,143.9204498254596,138.63156459238576,口粮,grain_raw,median_of_models
重庆,2028,118.853160552,136.66384847468998,138.35889846162453,143.81483555544995,137.51137346815727,口粮,grain_raw,median_of_models
重庆,2029,116.07271807472,135.23321488434476,137.60203243274333,143.8206299321119,136.41762365854404,口粮,grain_raw,median_of_models
重庆,2030,113.6815375442592,133.80258129399954,136.89591513734382,143.9365181774638,135.34924821567168,口粮,grain_raw,median_of_models
重庆,2031,111.62512228806291,132.3719477036543,136.23829050373658,144.1609172845636,134.30511910369546,口粮,grain_raw,median_of_models
重庆,2032,109.8566051677341,130.9413141133091,135.6268212810939,144.4920006258844,133.2840676972015,口粮,grain_raw,median_of_models
重庆,2033,108.33568044425132,129.51068052296387,135.05912524812206,144.92772079159343,132.28490288554298,口粮,grain_raw,median_of_models
重庆,2034,107.02768518205613,128.0800469326191,134.5328066458871,145.46583118540397,131.3064267892531,口粮,grain_raw,median_of_models
重庆,2035,105.90280925656828,126.64941334227387,134.04548298355058,146.103906785991,130.34744816291223,口粮,grain_raw,median_of_models
陕西,2025,135.17166666666665,148.83999999999924,149.58145541463134,142.5377162028321,145.68885810141566,口粮,grain_raw,median_of_models
陕西,2026,132.9973,150.67272727272666,150.6842278896979,141.29105935914566,145.98189331593616,口粮,grain_raw,median_of_models
陕西,2027,131.12734466666666,152.50545454545409,151.5748041893361,139.92894581682256,145.75187500307933,口粮,grain_raw,median_of_models
陕西,2028,129.51918308,154.3381818181815,152.2817763798289,138.58821568413438,145.43499603198165,口粮,grain_raw,median_of_models
陕西,2029,128.13616411546667,156.17090909090894,152.83538879449588,137.38044382989042,145.10791631219314,口粮,grain_raw,median_of_models
陕西,2030,126.94676780596801,158.0036363636359,153.26429330683416,136.38858593054283,144.82643961868848,口粮,grain_raw,median_of_models
陕西,2031,125.92388697979915,159.83636363636333,153.59383438357284,135.667606483039,144.63072043330592,口粮,grain_raw,median_of_models
陕西,2032,125.04420946929393,161.66909090909076,153.8454197311224,135.24771447050492,144.54656710081366,口粮,grain_raw,median_of_models
陕西,2033,124.28768681025944,163.50181818181818,154.0365556874581,135.13894326452711,144.5877494759926,口粮,grain_raw,median_of_models
陕西,2034,123.63707732348979,165.3345454545456,154.181229138321,135.33608780218535,144.75865847025318,口粮,grain_raw,median_of_models
陕西,2035,123.0775531648679,167.16727272727303,154.29042738134382,135.82333614870316,145.0568817650235,口粮,grain_raw,median_of_models
青海,2025,99.61999999999999,107.36000000000058,107.27886210607029,103.45721140328402,105.36803675467715,口粮,grain_raw,median_of_models
青海,2026,97.31519999999999,106.0927272727281,105.96512339626322,100.64187460808971,103.30349900217647,口粮,grain_raw,median_of_models
青海,2027,95.33307199999999,104.82545454545516,104.69830650858104,97.95941605843183,101.32886128350643,口粮,grain_raw,median_of_models
青海,2028,93.62844191999999,103.55818181818267,103.48809104111514,95.50729034050462,99.49769069080989,口粮,grain_raw,median_of_models
青海,2029,92.16246005119999,102.29090909090974,102.3422193836299,93.35853837979654,97.82472373535313,口粮,grain_raw,median_of_models
青海,2030,90.90171564403198,101.02363636363725,101.2664012395248,91.5609166937139,96.29227652867559,口粮,grain_raw,median_of_models
青海,2031,89.8174754538675,99.75636363636431,100.26433861527323,90.13882801742129,94.94759582689281,口粮,grain_raw,median_of_models
青海,2032,88.88502889032605,98.48909090909137,99.33785143576823,89.09698142122267,93.79303616515702,口粮,grain_raw,median_of_models
青海,2033,88.0831248456804,97.22181818181889,98.48707804888812,88.42481390896378,92.82331604539134,口粮,grain_raw,median_of_models
青海,2034,87.39348736728515,95.95454545454595,97.71072320382815,88.10093336353401,92.02773940903998,口粮,grain_raw,median_of_models
青海,2035,86.80039913586522,94.68727272727347,97.00632785775291,88.09710373709311,91.39218823218329,口粮,grain_raw,median_of_models
黑龙江,2025,129.77666666666667,150.66666666666652,150.56256935227447,133.7677924307547,142.16518089151458,口粮,grain_raw,median_of_models
黑龙江,2026,125.6286,151.431515151515,151.33928318092927,126.8248664482181,139.08207481457367,口粮,grain_raw,median_of_models
黑龙江,2027,122.06126266666668,152.19636363636346,152.1167922220571,119.6856203311809,137.08902744436188,口粮,grain_raw,median_of_models
黑龙江,2028,118.99335256,152.96121212121193,152.89433385323815,112.61780584071784,135.94384320661908,口粮,grain_raw,median_of_models
黑龙江,2029,116.35494986826667,153.72606060606063,153.6711453242109,105.82710322550795,135.01304759623878,口粮,grain_raw,median_of_models
黑龙江,2030,114.085923553376,154.4909090909091,154.44646674699123,99.45787335816473,134.26619515018362,口粮,grain_raw,median_of_models
黑龙江,2031,112.13456092257003,155.25575757575757,155.21954406217878,93.59944560119716,133.6770524923744,口粮,grain_raw,median_of_models
黑龙江,2032,110.45638906007689,156.02060606060604,155.98963195691775,88.29541598006512,133.2230105084973,口粮,grain_raw,median_of_models
黑龙江,2033,109.01316125833279,156.7854545454545,156.75599671066075,83.55393856901031,132.88457898449678,口粮,grain_raw,median_of_models
黑龙江,2034,107.77198534883286,157.55030303030298,157.51791894590843,79.35760142435598,132.64495214737065,口粮,grain_raw,median_of_models
黑龙江,2035,106.70457406666293,158.31515151515146,158.2746962624192,75.6720524757211,132.48963516454108,口粮,grain_raw,median_of_models
