省份,年份,行政区划代码,地区生产总值,人均可支配收入_地区总计,人均消费支出_地区总计,地区居民消费价格指数_总指数,地区居民消费价格指数_食品,地区居民消费价格指数_粮食
上海,2000,310000,4812.2,11056.0,8565.0,102.5,98.1,92.1
上海,2001,310000,5257.7,12136.44,9145.11,100.0,100.3,102.9
上海,2002,310000,5795.0,12527.47,10354.67,100.5,102.9,98.5
上海,2003,310000,6804.0,14049.15,11043.23,100.1,101.3,100.8
上海,2004,310000,8101.6,15755.19,12756.58,102.2,108.3,133.9
上海,2005,310000,9197.1,17738.0,14135.0,101.0,104.5,103.0
上海,2006,310000,10598.9,19647.0,15284.0,101.2,102.5,101.9
上海,2007,310000,12878.7,22459.0,18001.0,103.2,109.4,101.6
上海,2008,310000,14536.9,25385.0,20345.0,105.8,115.3,107.3
上海,2009,310000,15742.4,27500.0,22230.0,99.6,102.1,103.7
上海,2010,310000,17915.4,30436.0,24758.0,103.1,107.7,112.0
上海,2011,310000,20009.7,34731.0,26858.0,105.2,110.8,113.5
上海,2012,310000,21305.6,38550.0,28152.0,102.8,105.8,102.9
上海,2013,310000,23204.1,42174.0,30400.0,102.3,104.4,103.7
上海,2014,310000,25269.8,45966.0,33065.0,102.7,103.2,102.4
上海,2015,310000,26887.0,49867.0,34784.0,102.4,102.9,103.0
上海,2016,310000,29887.0,54305.0,37458.0,103.2,104.8,100.9
上海,2017,310000,32925.0,58988.0,39792.0,101.7,100.7,101.7
上海,2018,310000,36011.8,64183.0,43351.0,101.6,102.5,100.3
上海,2019,310000,37987.6,69442.0,45605.0,102.5,106.4,100.7
上海,2020,310000,38963.3,72232.0,42536.0,101.7,106.3,101.5
上海,2021,310000,43653.2,78027.0,48879.0,101.2,99.6,99.1
上海,2022,310000,44809.1,79610.0,46045.0,102.5,105.8,103.4
上海,2023,310000,47218.7,84834.0,52508.0,100.3,97.0,98.5
上海,2024,310000,53926.7,88366.0,52722.0,100.0,99.3,99.0
云南,2000,530000,2030.1,2623.0,2202.0,97.9,94.6,90.6
云南,2001,530000,2159.0,2818.34,2303.04,99.1,98.3,103.6
云南,2002,530000,2358.7,3058.1,2539.72,99.8,100.5,97.5
云南,2003,530000,2633.4,3306.04,2671.54,101.2,101.7,100.5
云南,2004,530000,3136.4,3848.22,3086.64,106.0,114.8,126.6
云南,2005,530000,3497.7,4197.0,3379.0,101.4,100.8,103.6
云南,2006,530000,4090.7,4664.0,3855.0,101.9,102.4,101.5
云南,2007,530000,5077.4,5469.0,4415.0,105.9,114.1,105.7
云南,2008,530000,6016.6,6492.0,5129.0,105.7,115.4,109.8
云南,2009,530000,6574.4,7170.0,5524.0,100.4,101.6,104.1
云南,2010,530000,7735.3,8184.0,6204.0,103.7,108.4,114.1
云南,2011,530000,9523.1,9739.0,7135.0,104.9,111.5,111.9
云南,2012,530000,11097.4,11233.0,8192.0,102.7,106.2,103.5
云南,2013,530000,12825.5,12578.0,8824.0,103.1,105.5,102.2
云南,2014,530000,14041.7,13772.0,9870.0,102.4,104.3,102.6
云南,2015,530000,14960.0,15223.0,11005.0,101.9,103.4,101.4
云南,2016,530000,16369.0,16720.0,11769.0,101.5,104.3,100.3
云南,2017,530000,18486.0,18348.0,12658.0,100.9,99.8,101.6
云南,2018,530000,20880.6,20084.0,14250.0,101.6,100.2,102.1
云南,2019,530000,23223.8,22082.0,15780.0,102.5,109.1,101.5
云南,2020,530000,24555.7,23295.0,16792.0,103.6,115.8,101.1
云南,2021,530000,27161.6,25666.0,18851.0,100.2,96.4,101.2
云南,2022,530000,28556.1,26937.0,18951.0,101.6,100.7,101.5
云南,2023,530000,30021.1,28421.0,20995.0,100.3,100.4,100.9
云南,2024,530000,31534.1,29932.0,22280.0,100.2,99.1,101.4
内蒙古,2000,150000,1539.1,3379.0,2648.0,101.3,97.2,93.0
内蒙古,2001,150000,1713.8,3624.44,2812.34,100.6,101.8,101.1
内蒙古,2002,150000,1940.9,3975.98,3219.4,100.2,99.0,99.8
内蒙古,2003,150000,2388.4,4590.77,3608.85,102.2,102.8,100.2
内蒙古,2004,150000,2942.4,5375.57,4234.12,102.9,108.8,124.4
内蒙古,2005,150000,3523.7,5985.0,4746.0,102.4,102.9,103.7
内蒙古,2006,150000,4161.8,6876.0,5385.0,101.5,102.6,102.5
内蒙古,2007,150000,5166.9,8340.0,6578.0,104.6,113.3,107.1
内蒙古,2008,150000,6242.4,9923.0,7706.0,105.7,114.7,106.7
内蒙古,2009,150000,7104.2,11015.0,8873.0,99.7,101.3,106.5
内蒙古,2010,150000,8199.9,12538.0,10209.0,103.2,109.5,110.1
内蒙古,2011,150000,9458.1,14715.0,11920.0,105.6,113.7,111.4
内蒙古,2012,150000,10470.1,16800.0,13475.0,103.1,105.8,105.7
内蒙古,2013,150000,11392.4,18693.0,14878.0,103.2,106.3,105.7
内蒙古,2014,150000,12158.2,20559.0,16258.0,101.6,102.9,104.2
内蒙古,2015,150000,12949.0,22310.0,17179.0,101.1,101.4,101.9
内蒙古,2016,150000,13789.3,24127.0,18072.0,101.2,102.6,100.8
内蒙古,2017,150000,14898.1,26212.0,18946.0,101.7,99.3,101.3
内蒙古,2018,150000,16140.8,28376.0,19665.0,101.8,102.3,100.8
内蒙古,2019,150000,17212.5,30555.0,20743.0,102.4,107.1,101.7
内蒙古,2020,150000,17258.0,31497.0,19794.0,101.9,107.0,100.8
内蒙古,2021,150000,21166.0,34108.0,22658.0,100.9,99.9,101.2
内蒙古,2022,150000,23388.9,35921.0,22298.0,101.8,102.1,102.7
内蒙古,2023,150000,24627.0,38130.0,27025.0,100.6,100.1,102.2
内蒙古,2024,150000,26314.6,40077.0,28113.0,100.2,98.3,100.4
北京,2000,110000,3277.8,9230.0,7644.0,103.5,97.9,91.4
北京,2001,110000,3861.5,10671.94,8379.59,103.1,101.5,95.0
北京,2002,110000,4525.7,11589.8,9756.73,98.2,98.0,98.5
北京,2003,110000,5267.2,12954.08,10737.78,100.2,103.2,99.1
北京,2004,110000,6252.5,14705.05,11977.11,101.0,104.8,120.6
北京,2005,110000,7149.8,16853.0,13289.0,101.5,104.9,104.6
北京,2006,110000,8387.0,19296.0,15123.0,100.9,102.8,101.6
北京,2007,110000,10425.5,21458.0,15933.0,102.4,109.2,107.4
北京,2008,110000,11813.1,24371.0,17447.0,105.1,116.1,108.9
北京,2009,110000,12900.9,26571.0,19381.0,98.5,102.4,105.6
北京,2010,110000,14964.0,29228.0,21834.0,102.4,105.5,109.6
北京,2011,110000,17188.8,33176.0,24298.0,105.6,110.6,110.8
北京,2012,110000,19024.7,36817.0,26562.0,103.3,106.6,102.6
北京,2013,110000,21134.6,40830.0,29176.0,103.3,104.7,104.4
北京,2014,110000,22926.0,44489.0,31103.0,101.6,103.2,102.2
北京,2015,110000,24779.1,48458.0,33803.0,101.8,101.6,101.5
北京,2016,110000,27041.2,52530.0,35416.0,101.4,103.3,99.1
北京,2017,110000,29883.0,57230.0,37425.0,101.9,99.4,100.9
北京,2018,110000,33106.0,62361.0,39843.0,102.5,102.9,101.4
北京,2019,110000,35445.1,67756.0,43038.0,102.3,106.2,99.6
北京,2020,110000,35943.3,69434.0,38903.0,101.7,106.1,101.8
北京,2021,110000,41045.6,75002.0,43640.0,101.1,99.0,99.8
北京,2022,110000,41540.9,77415.0,42683.0,101.8,103.9,101.2
北京,2023,110000,43760.7,81752.0,47586.0,100.4,99.0,99.6
北京,2024,110000,49843.1,85415.0,49748.0,100.1,97.8,99.0
吉林,2000,220000,1751.4,3388.0,2782.0,98.6,95.9,89.1
吉林,2001,220000,1900.9,3823.33,3083.12,101.3,101.3,98.1
吉林,2002,220000,2043.1,4350.63,3430.55,99.5,98.8,94.7
吉林,2003,220000,2141.0,4839.59,3772.7,101.2,104.0,98.5
吉林,2004,220000,2455.2,5486.76,4157.05,104.1,110.2,132.9
吉林,2005,220000,2776.5,6010.0,4677.0,101.5,101.8,104.1
吉林,2006,220000,3226.5,6757.0,5183.0,101.4,102.4,104.4
吉林,2007,220000,4080.3,7791.0,6010.0,105.3,112.7,106.2
吉林,2008,220000,4834.7,8921.0,6817.0,105.1,112.3,103.8
吉林,2009,220000,5434.8,9671.0,7677.0,100.1,101.0,111.0
吉林,2010,220000,6410.5,10798.0,8176.0,103.7,109.2,113.9
吉林,2011,220000,7734.6,12621.0,9442.0,105.2,110.9,110.9
吉林,2012,220000,8678.0,14395.0,10737.0,102.5,104.9,104.2
吉林,2013,220000,9427.9,15998.0,12054.0,102.9,105.7,105.9
吉林,2014,220000,9966.5,17520.0,13026.0,102.0,103.0,104.0
吉林,2015,220000,10018.0,18684.0,13764.0,101.7,102.0,101.7
吉林,2016,220000,10427.0,19967.0,14773.0,101.6,103.6,100.1
吉林,2017,220000,10922.0,21368.0,15632.0,101.6,97.9,101.0
吉林,2018,220000,11253.8,22798.0,17200.0,102.1,101.2,101.1
吉林,2019,220000,11726.8,24563.0,18075.0,103.0,109.4,100.4
吉林,2020,220000,12256.0,25751.0,17318.0,102.3,109.0,100.8
吉林,2021,220000,13163.8,27770.0,19605.0,100.6,99.4,101.2
吉林,2022,220000,12818.1,27975.0,17898.0,102.1,103.1,102.6
吉林,2023,220000,13531.2,29797.0,21411.0,99.9,98.7,100.4
吉林,2024,220000,14361.2,31318.0,23118.0,100.0,99.3,100.2
四川,2000,510000,3928.2,3001.0,2430.0,100.1,95.5,88.4
四川,2001,510000,4293.5,3140.4,2323.2,102.1,101.3,100.7
四川,2002,510000,4725.0,3380.51,2603.55,99.7,99.7,101.6
四川,2003,510000,5346.2,3662.71,2967.58,101.7,102.7,101.5
四川,2004,510000,6304.0,4173.56,3664.5,104.9,111.2,124.2
四川,2005,510000,7195.9,4703.0,3926.0,101.7,102.1,102.1
四川,2006,510000,8494.7,5247.0,4302.0,102.3,102.9,101.5
四川,2007,510000,10562.1,6322.0,5048.0,105.9,114.5,107.7
四川,2008,510000,12756.2,7413.0,5804.0,105.1,112.0,106.1
四川,2009,510000,14190.6,8214.0,7078.0,100.8,102.0,104.9
四川,2010,510000,17224.8,9373.0,7490.0,103.2,106.1,109.8
四川,2011,510000,21050.9,11130.0,8751.0,105.3,112.0,112.1
四川,2012,510000,23922.4,12753.0,9837.0,102.5,104.2,104.9
四川,2013,510000,26518.0,14231.0,11055.0,102.8,104.8,103.1
四川,2014,510000,28891.3,15749.0,12368.0,101.6,102.1,102.6
四川,2015,510000,30342.0,17221.0,13632.0,101.5,102.9,102.4
四川,2016,510000,33138.5,18808.0,14839.0,101.9,105.0,101.7
四川,2017,510000,37905.1,20580.0,16180.0,101.4,97.2,101.0
四川,2018,510000,42902.1,22461.0,17664.0,101.7,101.3,100.3
四川,2019,510000,46363.8,24703.0,19338.0,103.2,112.1,100.3
四川,2020,510000,48501.6,26522.0,19783.0,103.2,114.2,100.7
四川,2021,510000,54088.0,29080.0,21518.0,100.3,96.0,101.6
四川,2022,510000,56610.2,30679.0,22302.0,102.0,102.0,103.8
四川,2023,510000,60132.9,32514.0,23550.0,100.0,99.1,100.7
四川,2024,510000,64697.0,34325.0,24878.0,100.0,99.5,99.3
天津,2000,120000,1591.7,6728.0,5018.0,99.6,98.0,90.3
天津,2001,120000,1756.9,7790.99,6144.56,101.2,100.8,103.6
天津,2002,120000,1926.9,8171.38,6436.1,99.6,99.3,100.0
天津,2003,120000,2257.8,9013.72,7139.51,101.0,103.3,102.1
天津,2004,120000,2621.1,9983.57,8069.34,102.3,109.9,123.7
天津,2005,120000,3158.6,10255.0,8227.0,101.5,103.4,103.8
天津,2006,120000,3538.2,11526.0,9072.0,101.5,102.7,103.7
天津,2007,120000,4158.4,13116.0,10352.0,104.2,111.6,106.3
天津,2008,120000,5182.4,15444.0,11641.0,105.4,112.1,105.5
天津,2009,120000,5709.6,16967.0,12974.0,99.0,101.2,107.5
天津,2010,120000,6830.8,19266.0,14711.0,103.5,108.0,117.5
天津,2011,120000,8112.5,21714.0,16796.0,104.9,111.4,108.5
天津,2012,120000,9043.0,24030.0,18542.0,102.7,106.4,102.4
天津,2013,120000,9945.4,26359.0,20419.0,103.1,105.8,108.7
天津,2014,120000,10640.6,28832.0,22343.0,101.9,103.0,103.4
天津,2015,120000,10879.5,31291.0,24162.0,101.7,101.7,101.8
天津,2016,120000,11477.2,34074.0,26129.0,102.1,102.8,100.6
天津,2017,120000,12450.6,37022.0,27841.0,102.1,99.9,103.2
天津,2018,120000,13362.9,39506.0,29903.0,102.0,103.4,99.2
天津,2019,120000,14055.5,42404.0,31854.0,102.7,106.0,101.8
天津,2020,120000,14008.0,43854.0,28461.0,102.0,107.6,101.7
天津,2021,120000,15685.1,47449.0,33188.0,101.3,100.2,101.3
天津,2022,120000,16132.2,48976.0,31324.0,101.9,102.4,102.9
天津,2023,120000,16737.3,51271.0,34914.0,100.4,99.8,100.1
天津,2024,120000,18024.3,53581.0,35804.0,100.2,98.5,100.3
宁夏,2000,640000,295.0,2777.0,2338.0,99.6,97.2,91.1
宁夏,2001,640000,337.4,3062.07,2459.9,101.6,100.1,102.9
宁夏,2002,640000,377.2,3386.11,2729.91,99.4,99.8,98.2
宁夏,2003,640000,442.6,3725.21,3037.16,101.7,104.5,101.1
宁夏,2004,640000,519.9,4258.31,3492.41,103.7,109.6,120.0
宁夏,2005,640000,579.9,4918.0,3996.0,101.5,101.9,104.1
宁夏,2006,640000,683.3,5576.0,4479.0,101.9,103.9,101.7
宁夏,2007,640000,877.6,6630.0,4981.0,105.5,114.1,105.4
宁夏,2008,640000,1139.2,7924.0,6172.0,108.5,118.0,108.9
宁夏,2009,640000,1266.7,8742.0,6746.0,100.7,101.6,107.1
宁夏,2010,640000,1571.7,9864.0,7745.0,104.1,108.3,112.8
宁夏,2011,640000,1931.8,11480.0,9010.0,106.3,113.5,115.3
宁夏,2012,640000,2131.0,13104.0,10009.0,102.0,104.5,101.0
宁夏,2013,640000,2327.7,14566.0,11292.0,103.4,107.2,105.8
宁夏,2014,640000,2473.9,15907.0,12485.0,101.9,102.7,103.3
宁夏,2015,640000,2579.4,17329.0,13816.0,101.1,100.4,101.9
宁夏,2016,640000,2781.4,18832.0,14965.0,101.5,103.2,100.3
宁夏,2017,640000,3200.3,20562.0,15350.0,101.6,99.0,100.6
宁夏,2018,640000,3510.2,22400.0,16715.0,102.3,103.3,100.9
宁夏,2019,640000,3748.5,24412.0,18297.0,102.1,106.0,100.5
宁夏,2020,640000,3956.3,25735.0,17506.0,101.5,106.6,101.7
宁夏,2021,640000,4588.2,27904.0,20024.0,101.4,101.7,102.1
宁夏,2022,640000,5104.6,29599.0,19136.0,102.3,102.5,104.6
宁夏,2023,640000,5315.0,31604.0,21629.0,100.4,100.0,101.1
宁夏,2024,640000,5502.8,33355.0,22865.0,99.7,97.2,100.2
安徽,2000,340000,3125.3,2891.12,2120.0,100.7,97.2,85.0
安徽,2001,340000,3502.8,3208.82,2359.37,100.5,99.7,107.1
安徽,2002,340000,3827.7,3376.06,2521.14,99.0,99.9,99.4
安徽,2003,340000,4307.8,3700.08,2756.66,101.7,106.0,104.5
安徽,2004,340000,5129.1,4285.12,3165.87,104.5,110.8,139.6
安徽,2005,340000,5675.9,4777.0,3742.0,101.4,102.6,98.2
安徽,2006,340000,6500.3,5573.0,4290.0,101.2,101.6,103.1
安徽,2007,340000,7941.6,6724.0,5045.0,105.3,112.5,105.8
安徽,2008,340000,9517.7,7893.0,5887.0,106.2,114.3,105.7
安徽,2009,340000,10864.7,8683.0,6510.0,99.1,100.8,107.3
安徽,2010,340000,13249.8,9955.0,7297.0,103.1,106.6,111.1
安徽,2011,340000,16284.9,11873.0,8683.0,105.6,112.2,116.9
安徽,2012,340000,18341.7,13593.0,9878.0,102.3,103.8,104.2
安徽,2013,340000,20584.0,15154.0,10544.0,102.4,104.7,104.3
安徽,2014,340000,22519.7,16796.0,11727.0,101.6,102.5,102.7
安徽,2015,340000,23831.2,18363.0,12840.0,101.3,102.3,102.2
安徽,2016,340000,26307.7,19998.0,14712.0,101.8,104.6,99.6
安徽,2017,340000,29676.2,21863.0,15752.0,101.2,97.4,101.2
安徽,2018,340000,34010.9,23984.0,17045.0,102.0,102.1,100.5
安徽,2019,340000,36845.5,26415.0,19137.0,102.7,109.6,100.4
安徽,2020,340000,38061.5,28103.0,18877.0,102.7,110.9,101.2
安徽,2021,340000,42565.2,30904.0,21911.0,100.9,98.5,100.7
安徽,2022,340000,44607.7,32745.0,22542.0,102.0,102.8,102.0
安徽,2023,340000,47050.6,34893.0,23607.0,100.2,99.4,100.7
安徽,2024,340000,50625.2,36782.0,24996.0,100.5,100.2,100.0
山东,2000,370000,8278.1,4095.0,2982.0,100.2,97.7,88.3
山东,2001,370000,9076.2,4431.66,3160.77,101.8,101.1,98.9
山东,2002,370000,10076.5,4771.5,3390.0,99.3,99.7,98.2
山东,2003,370000,10903.2,5263.08,3701.63,101.1,104.9,105.2
山东,2004,370000,13308.1,5958.23,4139.88,103.6,109.1,124.3
山东,2005,370000,15947.5,6860.0,4740.0,101.7,102.7,100.2
山东,2006,370000,18967.8,7795.0,5443.0,101.0,102.1,102.8
山东,2007,370000,22718.1,9085.0,6249.0,104.4,113.6,108.1
山东,2008,370000,27106.2,10411.0,7128.0,105.3,113.0,106.3
山东,2009,370000,29540.8,11398.0,7794.0,100.0,101.3,104.4
山东,2010,370000,33922.5,12922.0,8560.0,102.9,108.3,113.0
山东,2011,370000,39064.9,15077.0,9853.0,105.0,111.3,108.7
山东,2012,370000,42957.3,17127.0,10902.0,102.1,103.5,102.5
山东,2013,370000,47344.3,19008.0,11897.0,102.2,104.8,107.3
山东,2014,370000,50774.8,20864.0,13329.0,101.9,102.6,104.2
山东,2015,370000,55288.8,22703.0,14578.0,101.2,101.2,101.7
山东,2016,370000,58762.5,24685.0,15926.0,102.1,104.3,99.7
山东,2017,370000,63012.1,26930.0,17281.0,101.5,98.3,102.8
山东,2018,370000,66648.9,29205.0,18780.0,102.5,102.4,100.4
山东,2019,370000,70540.5,31597.0,20427.0,103.2,110.6,100.1
山东,2020,370000,72798.2,32886.0,20940.0,102.8,112.1,102.4
山东,2021,370000,82875.2,35705.0,22821.0,101.2,100.0,101.1
山东,2022,370000,87576.9,37560.0,22640.0,101.7,102.8,105.5
山东,2023,370000,92068.7,39890.0,24293.0,100.1,99.6,101.7
山东,2024,370000,98565.8,42077.0,25645.0,100.2,99.5,99.3
山西,2000,140000,1845.7,2924.0,2163.0,103.9,95.4,90.5
山西,2001,140000,2029.5,3196.0,2283.0,99.8,99.4,98.7
山西,2002,140000,2324.8,3751.0,2696.0,98.4,99.0,99.0
山西,2003,140000,2854.3,4183.0,2941.0,101.8,104.7,101.5
山西,2004,140000,3496.0,4770.0,3338.0,104.1,109.5,123.4
山西,2005,140000,4079.4,5518.0,3902.0,102.3,102.7,103.7
山西,2006,140000,4713.6,6235.0,4560.0,102.0,103.0,101.3
山西,2007,140000,5935.6,7282.0,5319.0,104.6,113.1,106.9
山西,2008,140000,7223.0,8333.0,5984.0,107.2,117.9,107.5
山西,2009,140000,7147.6,8911.0,6449.0,99.6,101.8,106.8
山西,2010,140000,8903.9,15647.66,7011.0,103.0,108.5,107.5
山西,2011,140000,10894.4,18123.87,8404.0,105.2,112.0,108.2
山西,2012,140000,11683.1,20411.71,9446.0,102.5,104.2,103.0
山西,2013,140000,11987.2,15119.7,10118.0,103.1,106.2,109.1
山西,2014,140000,12094.7,16538.3,10863.8,101.7,102.8,104.6
山西,2015,140000,11836.4,17853.7,11729.1,100.6,100.4,101.8
山西,2016,140000,11946.4,19048.9,12682.9,101.1,103.3,99.7
山西,2017,140000,14484.3,20420.0,13664.4,101.1,98.0,101.8
山西,2018,140000,15958.1,21990.1,14810.1,101.8,102.0,100.2
山西,2019,140000,16961.6,23828.5,15862.6,102.7,108.0,100.3
山西,2020,140000,17835.6,25213.7,15732.7,102.9,108.2,100.5
山西,2021,140000,22870.4,27426.0,17191.0,101.0,99.8,101.9
山西,2022,140000,25583.9,29178.0,17537.0,102.1,104.4,105.7
山西,2023,140000,25698.2,30924.0,19756.0,99.9,99.2,100.0
山西,2024,140000,25494.7,32441.0,21090.0,100.1,98.7,98.4
广东,2000,440000,10810.2,7013.38,5544.0,101.4,98.5,94.3
广东,2001,440000,12126.6,7430.57,5676.02,99.3,98.2,97.6
广东,2002,440000,13601.9,8029.86,6337.79,98.6,98.1,98.3
广东,2003,440000,15979.8,8948.07,6870.49,100.6,102.3,101.9
广东,2004,440000,18658.3,9953.4,7737.7,103.0,107.5,116.8
广东,2005,440000,21963.0,10806.79,8221.0,102.3,104.7,101.8
广东,2006,440000,25961.2,11970.5,8771.0,101.8,102.4,101.8
广东,2007,440000,31742.6,13247.37,9952.0,103.7,109.1,104.4
广东,2008,440000,36704.2,14848.69,10860.0,105.6,113.2,108.1
广东,2009,440000,39464.7,16207.83,11615.0,97.7,98.5,104.3
广东,2010,440000,45944.6,23897.8,12907.0,103.1,105.9,107.5
广东,2011,440000,53072.8,26897.48,14459.0,105.3,111.4,112.7
广东,2012,440000,57007.7,30226.71,16002.0,102.8,105.6,105.0
广东,2013,440000,62503.4,23420.7,17421.0,102.5,103.6,101.9
广东,2014,440000,68173.0,25685.0,19205.0,102.3,104.4,102.7
广东,2015,440000,74732.4,27858.9,20976.0,101.5,103.5,101.8
广东,2016,440000,82163.2,30295.8,23448.0,102.3,105.9,100.8
广东,2017,440000,91648.7,33003.3,24820.0,101.5,98.9,101.4
广东,2018,440000,99945.2,35809.9,26054.0,102.2,101.8,102.1
广东,2019,440000,107986.9,39014.3,28995.0,103.4,110.3,100.9
广东,2020,440000,111151.6,41028.6,28492.0,102.6,111.8,101.9
广东,2021,440000,124719.5,44993.0,31589.0,100.8,97.7,101.4
广东,2022,440000,129513.6,47065.0,32169.0,102.2,102.9,101.6
广东,2023,440000,135673.2,49327.0,34331.0,100.4,100.7,100.3
广东,2024,440000,141633.8,51474.0,35818.0,100.0,99.6,100.7
广西,2000,450000,2080.0,3013.0,2452.0,99.7,96.6,91.6
广西,2001,450000,2279.3,3201.07,2528.59,100.6,98.5,92.5
广西,2002,450000,2523.7,3494.73,2727.91,99.1,99.9,100.1
广西,2003,450000,2798.2,3759.46,2925.15,101.1,102.9,106.8
广西,2004,450000,3305.1,4256.79,3309.31,104.4,112.2,125.5
广西,2005,450000,3742.1,4870.0,3983.0,102.4,102.7,101.6
广西,2006,450000,4417.8,5353.0,4001.0,101.3,101.9,101.0
广西,2007,450000,5474.8,6614.0,4778.0,106.1,114.0,106.4
广西,2008,450000,6455.4,7839.0,5574.0,107.8,119.5,111.9
广西,2009,450000,7112.9,8655.0,6080.0,97.9,98.5,106.2
广西,2010,450000,8552.4,9739.0,6697.0,103.0,107.1,106.8
广西,2011,450000,10299.9,11054.0,7816.0,105.9,114.4,117.2
广西,2012,450000,11303.6,12644.0,8910.0,103.2,105.2,103.8
广西,2013,450000,12448.4,14082.0,9596.0,102.2,103.8,101.4
广西,2014,450000,13587.8,15557.0,10274.0,102.1,104.3,102.2
广西,2015,450000,14797.8,16873.0,11401.0,101.5,102.6,101.4
广西,2016,450000,16116.6,18305.0,12295.0,101.6,104.3,101.0
广西,2017,450000,17790.7,19905.0,13424.0,101.6,98.5,101.2
广西,2018,450000,19627.8,21485.0,14935.0,102.3,100.4,100.9
广西,2019,450000,21237.1,23328.0,16418.0,103.7,112.9,100.5
广西,2020,450000,22120.9,24562.0,16357.0,102.8,111.6,100.9
广西,2021,450000,25209.1,26727.0,18088.0,100.9,97.3,101.6
广西,2022,450000,26186.1,27981.0,18343.0,101.9,102.3,100.4
广西,2023,450000,27202.4,29514.0,19749.0,99.8,99.3,100.6
广西,2024,450000,28649.4,31125.0,21150.0,100.2,98.7,100.7
新疆,2000,650000,1363.6,3024.0,2375.0,99.4,95.9,88.5
新疆,2001,650000,1491.6,3053.72,2417.9,104.0,104.3,99.1
新疆,2002,650000,1612.6,3431.26,2779.73,99.4,97.3,97.8
新疆,2003,650000,1889.2,3812.42,2900.12,100.4,102.5,96.7
新疆,2004,650000,2170.4,4142.36,3254.62,102.7,105.8,116.3
新疆,2005,650000,2520.5,4707.0,3777.0,100.7,98.5,101.9
新疆,2006,650000,2957.3,5290.0,4134.0,101.3,102.4,102.0
新疆,2007,650000,3500.0,6273.0,4937.0,105.5,112.6,108.5
新疆,2008,650000,4142.5,7012.0,5591.0,108.1,119.1,111.9
新疆,2009,650000,4237.0,7656.0,6122.0,100.7,102.1,102.9
新疆,2010,650000,5360.2,9042.0,7126.0,104.3,110.7,108.9
新疆,2011,650000,6532.0,10443.0,8575.0,105.9,112.6,108.7
新疆,2012,650000,7411.8,12151.0,10171.0,103.8,107.6,107.3
新疆,2013,650000,8392.6,13670.0,11392.0,103.9,108.5,106.3
新疆,2014,650000,9264.5,15097.0,11904.0,102.1,103.6,103.3
新疆,2015,650000,9306.9,16859.0,12867.0,100.6,99.2,101.7
新疆,2016,650000,9630.8,18355.0,14066.0,101.4,101.5,101.2
新疆,2017,650000,11159.9,19975.0,15087.0,102.2,100.8,100.7
新疆,2018,650000,12809.4,21500.0,16189.0,102.0,102.8,100.0
新疆,2019,650000,13597.1,23103.0,17397.0,101.9,106.3,100.6
新疆,2020,650000,13800.7,23845.0,16512.0,101.5,105.4,102.1
新疆,2021,650000,16311.6,26075.0,18961.0,101.2,100.5,101.4
新疆,2022,650000,18042.7,27063.0,17927.0,101.8,101.7,101.9
新疆,2023,650000,19125.9,28947.0,19715.0,100.0,98.7,104.0
新疆,2024,650000,20534.1,30899.0,21364.0,100.4,95.8,98.4
江苏,2000,320000,8553.7,4928.0,3667.0,100.1,97.8,87.7
江苏,2001,320000,9456.8,5390.39,3913.24,100.8,99.3,102.5
江苏,2002,320000,10606.9,5920.91,4378.49,99.2,99.6,96.9
江苏,2003,320000,12442.9,6635.72,4850.99,101.0,103.3,102.1
江苏,2004,320000,14823.1,7560.37,5427.74,104.1,110.2,136.4
江苏,2005,320000,18121.3,8712.0,6451.0,102.1,103.9,100.0
江苏,2006,320000,21240.8,9947.0,7416.0,101.6,102.6,103.5
江苏,2007,320000,25988.4,11574.0,8487.0,104.3,111.4,103.0
江苏,2008,320000,30945.5,13237.0,9621.0,105.4,113.0,106.1
江苏,2009,320000,34471.7,14653.0,10717.0,99.6,100.9,104.4
江苏,2010,320000,41383.9,17006.0,12266.0,103.8,107.4,115.2
江苏,2011,320000,48839.2,19820.0,14635.0,105.3,111.8,111.1
江苏,2012,320000,53701.9,22432.0,16500.0,102.6,104.7,102.3
江苏,2013,320000,59349.4,24776.0,17926.0,102.3,104.1,103.0
江苏,2014,320000,64830.5,27173.0,19164.0,102.2,102.6,103.6
江苏,2015,320000,71255.9,29539.0,20556.0,101.7,103.0,102.6
江苏,2016,320000,77350.9,32070.0,22130.0,102.3,104.7,100.2
江苏,2017,320000,85869.8,35024.0,23469.0,101.7,99.2,101.5
江苏,2018,320000,93207.6,38096.0,25007.0,102.3,102.2,101.2
江苏,2019,320000,98656.8,41400.0,26697.0,103.1,109.5,101.1
江苏,2020,320000,102807.7,43390.0,26225.0,102.5,111.9,100.7
江苏,2021,320000,117392.4,47498.0,31451.0,101.6,100.5,100.8
江苏,2022,320000,122089.3,49862.0,32848.0,102.2,102.7,102.8
江苏,2023,320000,128222.2,52674.0,35491.0,100.4,100.5,101.8
江苏,2024,320000,137008.0,55415.0,37346.0,100.5,100.2,99.1
江西,2000,360000,2003.1,2972.0,2240.0,100.3,97.2,85.9
江西,2001,360000,2175.7,3298.59,2479.61,99.5,98.0,94.6
江西,2002,360000,2450.5,3678.16,2790.33,100.1,99.7,97.8
江西,2003,360000,2812.7,4039.27,3059.68,100.8,102.9,103.6
江西,2004,360000,3398.1,4562.08,3404.18,103.5,109.0,127.3
江西,2005,360000,3941.2,5223.0,4011.0,101.7,103.1,100.3
江西,2006,360000,4696.8,5894.0,4433.0,101.2,101.1,100.9
江西,2007,360000,5777.6,7097.0,5185.0,104.8,111.9,108.2
江西,2008,360000,6934.2,8208.0,5874.0,106.0,113.9,108.2
江西,2009,360000,7630.0,9094.0,6585.0,99.3,99.9,103.5
江西,2010,360000,9383.2,10217.0,7291.0,103.0,105.6,107.5
江西,2011,360000,11584.5,11870.0,8361.0,105.2,111.2,114.0
江西,2012,360000,12807.7,13567.0,9182.0,102.7,105.2,103.8
江西,2013,360000,14300.2,15100.0,10053.0,102.5,104.5,102.3
江西,2014,360000,15667.8,16734.0,11089.0,102.3,103.7,103.0
江西,2015,360000,16780.9,18437.0,12403.0,101.5,103.3,102.2
江西,2016,360000,18388.6,20110.0,13259.0,102.0,105.6,100.6
江西,2017,360000,20210.8,22031.0,14459.0,102.0,98.5,100.7
江西,2018,360000,22716.5,24080.0,15792.0,102.1,100.6,101.1
江西,2019,360000,24667.3,26262.0,17650.0,102.9,110.6,101.0
江西,2020,360000,25782.0,28017.0,17955.0,102.6,111.5,101.9
江西,2021,360000,29827.8,30610.0,20290.0,100.9,98.1,101.1
江西,2022,360000,31213.8,32419.0,21708.0,102.0,102.9,101.0
江西,2023,360000,32200.1,34242.0,23379.0,100.3,99.9,101.4
江西,2024,360000,34202.5,36007.0,24726.0,100.5,99.6,100.6
河北,2000,130000,4628.2,3315.0,2215.0,99.7,97.5,90.1
河北,2001,130000,5062.9,3668.41,2390.29,100.5,100.8,101.4
河北,2002,130000,5518.9,4007.39,2665.7,99.0,98.3,97.5
河北,2003,130000,6333.6,4375.37,2932.6,102.2,104.5,102.4
河北,2004,130000,7588.6,4904.28,3279.53,104.3,110.7,123.7
河北,2005,130000,8773.4,5581.0,4181.0,101.8,102.4,103.1
河北,2006,130000,10043.0,6295.0,4769.0,101.7,103.2,103.0
河北,2007,130000,12152.9,7233.0,5477.0,104.7,112.8,109.0
河北,2008,130000,14200.1,8365.0,6241.0,106.2,114.4,106.7
河北,2009,130000,15306.9,9267.0,6846.0,99.3,101.0,105.9
河北,2010,130000,18003.6,10428.0,7583.0,103.1,107.8,112.0
河北,2011,130000,21384.7,12059.0,8852.0,105.7,112.2,109.4
河北,2012,130000,23077.5,13647.0,9773.0,102.6,103.8,102.9
河北,2013,130000,24259.6,15190.0,10872.0,103.0,105.9,108.1
河北,2014,130000,25208.9,16647.0,11932.0,101.7,102.3,102.4
河北,2015,130000,26398.4,18118.0,13031.0,100.9,100.8,101.2
河北,2016,130000,28474.1,19725.0,14247.0,101.5,103.0,99.0
河北,2017,130000,30640.8,21484.0,15437.0,101.7,98.7,101.7
河北,2018,130000,32494.6,23446.0,16722.0,102.4,102.2,99.9
河北,2019,130000,34978.6,25665.0,17987.0,103.0,107.6,100.9
河北,2020,130000,36013.8,27136.0,18037.0,102.1,108.4,101.3
河北,2021,130000,40397.1,29383.0,19954.0,101.0,100.8,100.5
河北,2022,130000,41988.0,30867.0,20890.0,101.8,103.1,104.3
河北,2023,130000,43944.1,32903.0,22920.0,100.6,100.1,101.4
河北,2024,130000,47526.9,34665.0,24253.0,100.2,99.4,99.1
河南,2000,410000,5053.0,2649.0,1938.0,99.2,97.5,84.8
河南,2001,410000,5533.0,2857.34,2857.34,100.7,100.4,100.7
河南,2002,410000,6035.5,3241.33,3241.33,100.1,99.9,97.8
河南,2003,410000,6942.4,3498.9,3498.9,101.6,104.7,103.5
河南,2004,410000,8411.2,4023.49,4023.49,105.4,113.5,128.1
河南,2005,410000,10243.5,4668.0,3294.0,102.1,103.4,101.4
河南,2006,410000,11977.9,5409.0,3849.0,101.3,101.7,101.7
河南,2007,410000,14824.5,6493.0,4676.0,105.4,114.8,108.6
河南,2008,410000,17735.9,7637.0,5420.0,107.0,116.3,107.7
河南,2009,410000,19181.0,8426.0,6065.0,99.4,101.3,107.1
河南,2010,410000,22655.0,9520.0,6831.0,103.5,107.9,110.3
河南,2011,410000,26318.7,11206.0,7968.0,105.6,111.9,109.8
河南,2012,410000,28961.9,12772.0,9103.0,102.5,103.6,104.1
河南,2013,410000,31632.5,14204.0,10002.0,102.9,105.6,106.6
河南,2014,410000,34574.8,15695.0,11000.0,101.9,102.6,105.2
河南,2015,410000,37084.1,17125.0,11835.0,101.3,101.8,102.9
河南,2016,410000,40249.3,18443.0,12712.0,101.9,104.1,100.1
河南,2017,410000,44824.9,20170.0,13730.0,101.4,96.8,102.0
河南,2018,410000,49935.9,21964.0,15169.0,102.3,101.2,100.4
河南,2019,410000,53717.8,23903.0,16332.0,103.0,110.0,100.0
河南,2020,410000,54259.4,24810.0,16143.0,102.8,111.2,100.3
河南,2021,410000,58071.4,26811.0,18391.0,100.9,99.7,101.7
河南,2022,410000,58220.1,28222.0,19019.0,101.5,102.3,106.0
河南,2023,410000,59132.4,29933.0,21011.0,99.8,99.0,101.2
河南,2024,410000,63590.0,31552.0,21956.0,100.3,98.9,99.2
浙江,2000,330000,6164.8,6719.0,5170.0,101.0,99.5,87.5
浙江,2001,330000,6927.7,7346.46,5698.44,99.8,98.7,104.1
浙江,2002,330000,8040.7,8272.21,6330.85,99.1,101.1,99.4
浙江,2003,330000,9753.4,9357.82,7295.16,101.9,102.8,103.2
浙江,2004,330000,11482.1,10487.95,8139.15,103.9,111.1,135.5
浙江,2005,330000,13028.3,12093.0,9740.0,101.3,103.0,98.0
浙江,2006,330000,15302.7,13550.0,10780.0,101.1,101.9,103.6
浙江,2007,330000,18640.0,15351.0,11695.0,104.2,111.0,103.9
浙江,2008,330000,21284.6,17073.0,12794.0,105.0,113.9,105.4
浙江,2009,330000,22833.7,18528.0,13943.0,98.5,100.7,105.5
浙江,2010,330000,27399.9,21159.0,15634.0,103.8,107.3,114.3
浙江,2011,330000,31854.8,24195.0,17874.0,105.4,112.1,112.5
浙江,2012,330000,34382.4,27020.0,18931.0,102.2,105.3,103.7
浙江,2013,330000,37334.6,29775.0,20610.0,102.3,103.8,102.8
浙江,2014,330000,40023.5,32658.0,22552.0,102.1,103.1,101.8
浙江,2015,330000,43507.7,35537.0,24117.0,101.4,103.3,102.5
浙江,2016,330000,47254.0,38529.0,25527.0,101.9,105.1,100.5
浙江,2017,330000,52403.1,42046.0,27079.0,102.1,99.1,101.3
浙江,2018,330000,58002.8,45840.0,29471.0,102.3,102.6,100.5
浙江,2019,330000,62462.0,49899.0,32026.0,102.9,108.0,100.2
浙江,2020,330000,64689.1,52397.0,31295.0,102.3,109.5,101.7
浙江,2021,330000,74040.8,57541.0,36668.0,101.5,99.8,100.5
浙江,2022,330000,78060.6,60302.0,38971.0,102.2,102.7,101.4
浙江,2023,330000,82553.2,63830.0,42194.0,100.3,100.3,101.2
浙江,2024,330000,90130.6,67013.0,45107.0,100.3,100.2,101.3
海南,2000,450000,526.8,3479.0,2577.0,101.1,98.3,91.4
海南,2001,450000,579.2,3580.06,2485.46,98.5,98.4,100.5
海南,2002,450000,642.7,4160.39,3125.74,99.5,98.6,98.3
海南,2003,450000,714.0,4489.72,3215.25,100.1,102.9,101.8
海南,2004,450000,802.7,4899.07,3462.36,104.4,111.0,115.4
海南,2005,450000,884.9,5322.0,3888.0,101.5,101.7,100.7
海南,2006,450000,1027.5,6084.0,4657.0,101.5,102.3,102.1
海南,2007,450000,1234.0,7186.0,5479.0,105.1,111.0,102.4
海南,2008,450000,1474.7,8325.0,6283.0,106.9,113.7,109.4
海南,2009,450000,1620.3,9151.0,6837.0,99.3,99.9,103.5
海南,2010,450000,2020.5,10342.0,7517.0,104.8,107.6,110.3
海南,2011,450000,2463.8,12392.0,8859.0,106.1,113.3,116.3
海南,2012,450000,2789.4,14180.0,10161.0,103.2,105.2,104.1
海南,2013,450000,3115.9,15733.0,11193.0,102.8,103.9,102.5
海南,2014,450000,3449.0,17476.0,12471.0,102.4,103.7,103.2
海南,2015,450000,3734.2,18979.0,13575.0,101.0,102.9,101.1
海南,2016,450000,4090.2,20653.0,14275.0,102.8,106.1,100.8
海南,2017,450000,4497.5,22553.0,15403.0,102.8,99.3,101.8
海南,2018,450000,4910.7,24579.0,17528.0,102.5,100.9,100.9
海南,2019,450000,5330.8,26679.0,19555.0,103.4,110.5,100.1
海南,2020,450000,5566.2,27904.0,18972.0,102.3,110.5,101.3
海南,2021,450000,6504.1,30457.0,22242.0,100.3,96.7,100.3
海南,2022,450000,6889.6,30957.0,21500.0,101.6,103.0,100.5
海南,2023,450000,7551.2,33192.0,23752.0,100.3,101.0,100.6
海南,2024,450000,7935.7,34829.0,25908.0,100.0,98.5,98.2
湖北,2000,420000,3545.4,3608.0,2839.0,99.0,97.6,83.3
湖北,2001,420000,3880.5,3694.68,2883.46,100.3,99.3,94.1
湖北,2002,420000,4212.8,4167.01,3311.01,99.6,99.4,99.0
湖北,2003,420000,4757.5,4521.07,3552.11,102.2,104.3,107.1
湖北,2004,420000,5546.8,5079.22,3987.68,104.9,110.7,128.1
湖北,2005,420000,6469.7,5628.0,4442.0,102.9,104.2,100.8
湖北,2006,420000,7531.8,6304.0,4970.0,101.6,102.0,105.1
湖北,2007,420000,9451.4,7430.0,5817.0,104.8,112.6,108.6
湖北,2008,420000,11497.5,8643.0,6607.0,106.3,115.1,105.7
湖北,2009,420000,13192.1,9496.0,7091.0,99.6,100.5,103.6
湖北,2010,420000,16226.9,11069.0,8090.0,102.9,105.8,110.6
湖北,2011,420000,19942.5,12941.0,9589.0,105.8,111.6,116.3
湖北,2012,420000,22590.9,14809.0,10756.0,102.9,105.4,105.3
湖北,2013,420000,25378.0,16472.0,11761.0,102.8,104.9,104.1
湖北,2014,420000,28242.1,18283.0,12928.0,102.0,102.3,102.8
湖北,2015,420000,30344.0,20026.0,14316.0,101.5,102.2,101.2
湖北,2016,420000,33353.0,21787.0,15889.0,102.2,105.4,100.7
湖北,2017,420000,37235.0,23757.0,16938.0,101.5,98.3,101.9
湖北,2018,420000,42022.0,25815.0,19538.0,101.9,101.6,100.9
湖北,2019,420000,45429.0,28319.0,21567.0,103.1,109.4,100.4
湖北,2020,420000,43004.5,27881.0,19246.0,102.7,112.3,101.3
湖北,2021,420000,50091.2,30829.0,23846.0,100.3,96.7,100.9
湖北,2022,420000,52741.7,32914.0,24828.0,102.1,102.2,101.1
湖北,2023,420000,55803.6,35146.0,27106.0,100.1,99.1,101.2
湖北,2024,420000,60013.0,36947.0,27888.0,100.4,100.1,100.0
湖南,2000,430000,3551.5,3345.0,2917.0,101.4,98.4,87.2
湖南,2001,430000,3831.9,3722.25,3173.19,99.1,98.6,98.6
湖南,2002,430000,4151.5,3921.88,3311.83,99.5,100.1,99.7
湖南,2003,430000,4660.0,4331.08,3606.55,102.4,105.8,103.4
湖南,2004,430000,5542.6,4953.65,4211.0,105.1,111.6,127.5
湖南,2005,430000,6369.9,5664.0,4805.0,102.3,102.9,99.4
湖南,2006,430000,7431.6,6364.0,5370.0,101.4,101.4,100.9
湖南,2007,430000,9285.5,7587.0,6098.0,105.6,113.7,109.2
湖南,2008,430000,11307.4,8804.0,6951.0,106.0,114.9,112.5
湖南,2009,430000,12772.8,9745.0,7615.0,99.6,100.3,104.3
湖南,2010,430000,15574.3,10861.0,8308.0,103.1,105.4,107.2
湖南,2011,430000,18915.0,12612.0,9713.0,105.5,111.2,116.1
湖南,2012,430000,21207.2,14391.0,10806.0,102.0,103.3,105.3
湖南,2013,430000,23545.2,16005.0,11946.0,102.5,104.2,105.5
湖南,2014,430000,25881.3,17622.0,13289.0,101.9,102.6,102.0
湖南,2015,430000,28538.6,19317.0,14267.0,101.4,103.0,101.6
湖南,2016,430000,30853.5,21115.0,15750.0,101.9,105.3,101.3
湖南,2017,430000,33828.1,23103.0,17160.0,101.4,98.7,101.6
湖南,2018,430000,36329.7,25241.0,18808.0,102.0,100.8,101.1
湖南,2019,430000,39894.1,27680.0,20479.0,102.9,109.9,100.4
湖南,2020,430000,41542.6,29380.0,20998.0,102.3,111.4,101.1
湖南,2021,430000,45713.5,31993.0,22798.0,100.5,96.6,102.1
湖南,2022,430000,47558.6,34036.0,24083.0,101.8,101.8,102.3
湖南,2023,430000,50012.9,35895.0,25462.0,100.2,98.7,100.5
湖南,2024,430000,53231.0,37679.0,26760.0,100.5,100.4,100.8
甘肃,2000,620000,1052.9,1514.12,1814.5,99.5,97.6,94.1
甘肃,2001,620000,1125.4,2470.33,1923.41,104.0,100.0,99.8
甘肃,2002,620000,1232.0,3426.54,2153.89,100.0,100.1,99.3
甘肃,2003,620000,1399.9,4382.75,2400.7,101.1,103.0,101.6
甘肃,2004,620000,1653.6,5338.96,2726.13,102.3,106.2,117.8
甘肃,2005,620000,1864.6,6295.17,3212.26,101.7,101.2,102.1
甘肃,2006,620000,2203.0,7251.39,3527.04,101.3,103.7,103.4
甘肃,2007,620000,2675.1,8207.6,3972.38,105.2,112.1,106.6
甘肃,2008,620000,3071.7,9163.81,4430.48,108.2,116.2,107.2
甘肃,2009,620000,3268.3,10120.02,4916.31,101.3,103.3,105.4
甘肃,2010,620000,3943.7,13188.55,5484.83,104.1,109.4,120.8
甘肃,2011,620000,4816.9,14988.68,6467.48,105.9,111.4,110.5
甘肃,2012,620000,5393.1,17156.89,7520.41,102.7,104.1,102.3
甘肃,2013,620000,6014.5,10954.4,8563.9,103.2,105.6,106.9
甘肃,2014,620000,6518.4,12184.7,9874.6,102.1,103.6,104.2
甘肃,2015,620000,6556.6,13466.6,10950.8,101.6,101.7,101.5
甘肃,2016,620000,6907.9,14670.3,12254.2,101.3,104.0,101.5
甘肃,2017,620000,7336.7,16011.0,13120.1,101.4,99.4,101.3
甘肃,2018,620000,8104.1,17488.4,14624.0,102.0,100.9,100.2
甘肃,2019,620000,8718.3,19139.0,15879.1,102.3,107.5,100.7
甘肃,2020,620000,8979.7,20335.1,16174.9,102.0,108.5,101.7
甘肃,2021,620000,10225.5,22066.0,17456.0,100.9,99.3,101.8
甘肃,2022,620000,11121.4,23273.0,17489.0,101.9,102.7,105.1
甘肃,2023,620000,11863.8,25011.0,19013.0,100.5,100.1,102.6
甘肃,2024,620000,13002.9,26612.0,19829.0,100.4,98.6,100.4
福建,2000,350000,3764.5,4977.17,3752.0,102.1,98.6,88.8
福建,2001,350000,4072.9,5352.64,3907.16,98.7,97.6,97.3
福建,2002,350000,4467.6,5923.7,4291.89,99.5,99.7,98.3
福建,2003,350000,4999.6,6473.19,4744.41,100.8,102.0,106.7
福建,2004,350000,5712.1,7317.88,5359.99,104.0,109.9,125.7
福建,2005,350000,6415.5,8178.07,5898.27,102.2,103.7,99.8
福建,2006,350000,7468.6,9048.21,6526.59,100.8,102.0,104.4
福建,2007,350000,9325.6,10268.21,7399.97,105.2,112.2,106.7
福建,2008,350000,10931.8,11951.73,8491.79,104.6,113.3,105.1
福建,2009,350000,12418.1,13167.91,9252.06,98.2,99.0,103.0
福建,2010,350000,15002.5,21781.31,10974.18,103.2,107.8,117.0
福建,2011,350000,17917.7,24907.4,12421.75,105.3,111.2,116.2
福建,2012,350000,20190.7,28055.24,14040.58,102.4,104.6,103.0
福建,2013,350000,22503.8,21217.9,15411.63,102.5,104.0,102.9
福建,2014,350000,24942.1,23330.9,17644.5,102.0,103.3,101.9
福建,2015,350000,26819.5,25404.4,18850.2,101.7,102.3,101.7
福建,2016,350000,29609.4,27607.9,20167.5,101.7,104.7,100.0
福建,2017,350000,33842.4,30047.7,21249.3,101.2,97.9,100.8
福建,2018,350000,38687.8,32643.9,22996.0,101.5,101.7,100.8
福建,2019,350000,42326.6,35616.1,25314.3,102.6,110.0,99.4
福建,2020,350000,43608.6,37202.4,25125.8,102.2,109.3,100.3
福建,2021,350000,49566.1,40659.0,28440.0,100.7,97.6,100.6
福建,2022,350000,51765.1,43118.0,30042.0,101.9,103.2,100.4
福建,2023,350000,54355.1,45426.0,31869.0,100.0,100.9,100.9
福建,2024,350000,57761.0,47857.0,33876.0,99.9,99.2,99.7
西藏,2000,540000,117.8,2521.0,2020.0,99.9,98.9,101.1
西藏,2001,540000,139.2,2033.88,1651.75,100.1,99.3,99.9
西藏,2002,540000,162.0,2229.29,1757.35,100.4,99.6,96.3
西藏,2003,540000,186.0,2638.48,2064.88,100.9,100.5,98.0
西藏,2004,540000,217.9,2958.91,2664.51,102.7,105.3,112.4
西藏,2005,540000,243.1,3630.0,3398.0,101.5,101.3,102.1
西藏,2006,540000,285.9,3828.0,3141.0,102.0,102.9,97.3
西藏,2007,540000,344.1,4609.0,3693.0,103.4,106.5,108.5
西藏,2008,540000,398.2,5249.0,3927.0,105.7,112.1,103.9
西藏,2009,540000,445.7,5807.0,4347.0,101.4,103.9,100.4
西藏,2010,540000,512.9,6628.0,4809.0,102.2,104.5,107.1
西藏,2011,540000,611.5,7510.0,5063.0,105.0,109.1,112.7
西藏,2012,540000,710.2,8568.0,5468.0,103.5,106.9,103.0
西藏,2013,540000,828.2,9740.0,6307.0,103.6,107.7,106.3
西藏,2014,540000,939.7,10730.0,7317.0,102.9,105.3,105.4
西藏,2015,540000,1043.0,12254.0,8246.0,102.0,103.1,102.9
西藏,2016,540000,1173.0,13639.0,9319.0,102.5,104.4,105.0
西藏,2017,540000,1349.0,15457.0,10320.0,101.6,101.1,102.3
西藏,2018,540000,1548.4,17286.0,11520.0,101.7,101.7,102.4
西藏,2019,540000,1697.8,19501.0,13029.0,102.3,103.9,102.4
西藏,2020,540000,1902.7,21744.0,13225.0,102.2,106.2,102.4
西藏,2021,540000,2080.2,24950.0,15342.0,100.9,100.4,100.6
西藏,2022,540000,2150.2,26675.0,15886.0,101.5,100.6,100.5
西藏,2023,540000,2392.7,28983.0,17220.0,99.9,99.4,101.1
西藏,2024,540000,2764.9,31358.0,18983.0,100.0,98.8,100.4
贵州,2000,520000,1029.9,2290.0,1880.0,99.5,95.3,92.7
贵州,2001,520000,1133.3,2014.58,1572.22,101.8,98.5,95.6
贵州,2002,520000,1243.4,2233.86,1715.59,99.0,99.7,98.1
贵州,2003,520000,1429.0,2489.1,1880.42,101.2,103.2,103.6
贵州,2004,520000,1649.4,2853.22,2144.64,104.0,112.6,124.7
贵州,2005,520000,1939.9,3625.0,2872.0,101.0,101.3,100.4
贵州,2006,520000,2264.1,4016.0,3158.0,101.7,103.4,102.9
贵州,2007,520000,2847.5,4817.0,3691.0,106.4,116.7,106.9
贵州,2008,520000,3504.5,5533.0,4123.0,107.6,117.3,107.6
贵州,2009,520000,3856.7,6099.0,4594.0,98.7,98.5,103.0
贵州,2010,520000,4519.0,7226.0,5507.0,102.9,107.7,120.5
贵州,2011,520000,5615.6,8594.0,6452.0,105.1,113.5,116.8
贵州,2012,520000,6742.2,9850.0,7247.0,102.7,104.7,104.5
贵州,2013,520000,7973.1,11083.0,8288.0,102.5,104.1,103.3
贵州,2014,520000,9173.1,12371.0,9303.0,102.4,104.2,102.6
贵州,2015,520000,10541.0,13697.0,10414.0,101.8,102.6,102.6
贵州,2016,520000,11792.4,15121.0,11932.0,101.4,104.5,100.9
贵州,2017,520000,13605.4,16704.0,12970.0,100.9,99.2,101.1
贵州,2018,520000,15353.2,18430.0,13798.0,101.8,100.3,101.6
贵州,2019,520000,16769.3,20397.0,14780.0,102.4,108.3,99.8
贵州,2020,520000,17860.4,21795.0,14874.0,102.6,113.3,99.9
贵州,2021,520000,19458.6,23996.0,17957.0,100.1,95.8,100.4
贵州,2022,520000,20010.4,25508.0,17939.0,101.6,100.9,100.6
贵州,2023,520000,20913.3,27098.0,20161.0,99.7,99.4,100.8
贵州,2024,520000,22667.1,28561.0,20871.0,100.1,99.7,100.7
辽宁,2000,210000,4669.1,4024.0,3216.0,99.9,97.7,88.9
辽宁,2001,210000,5033.1,4447.73,3482.74,100.0,101.8,100.1
辽宁,2002,210000,5458.2,4992.85,3930.48,98.9,97.9,96.8
辽宁,2003,210000,5906.3,5529.19,4457.29,101.7,105.3,99.0
辽宁,2004,210000,6469.8,6187.39,4869.47,103.5,108.7,126.6
辽宁,2005,210000,7260.8,6979.0,5657.0,101.4,101.8,104.0
辽宁,2006,210000,8390.3,7937.0,6182.0,101.2,102.4,102.6
辽宁,2007,210000,10292.2,9421.0,7241.0,105.1,112.8,106.0
辽宁,2008,210000,12137.7,11125.0,8652.0,104.6,112.3,104.5
辽宁,2009,210000,12815.7,12183.0,9587.0,100.0,102.8,109.5
辽宁,2010,210000,13896.3,13953.0,10462.0,103.0,107.9,112.6
辽宁,2011,210000,16354.9,16429.0,11954.0,105.2,111.0,111.5
辽宁,2012,210000,17848.6,18761.0,13489.0,102.8,104.9,103.6
辽宁,2013,210000,19208.8,20818.0,14950.0,102.4,104.6,105.9
辽宁,2014,210000,20025.7,22820.0,16068.0,101.7,102.7,103.6
辽宁,2015,210000,20210.3,24576.0,17200.0,101.4,102.5,102.1
辽宁,2016,210000,20392.5,26040.0,19853.0,101.6,103.0,100.2
辽宁,2017,210000,21693.0,27835.0,20463.0,101.4,98.7,101.0
辽宁,2018,210000,23510.5,29701.0,21398.0,102.5,102.3,100.5
辽宁,2019,210000,24855.3,31820.0,22203.0,102.4,107.8,100.8
辽宁,2020,210000,25011.4,32738.0,20672.0,102.4,108.9,101.7
辽宁,2021,210000,27569.5,35112.0,23831.0,101.1,99.9,102.1
辽宁,2022,210000,28826.1,36089.0,22604.0,102.0,103.4,101.2
辽宁,2023,210000,30209.4,37992.0,24865.0,100.1,99.6,100.8
辽宁,2024,210000,32612.7,39844.0,25963.0,100.2,99.3,100.3
重庆,2000,500000,1822.1,3414.0,2866.0,96.7,93.1,85.3
重庆,2001,500000,2014.6,3620.77,3029.53,101.7,99.2,96.3
重庆,2002,500000,2279.8,3983.07,3387.09,99.6,98.7,103.0
重庆,2003,500000,2615.6,4482.39,3857.79,100.6,104.3,100.5
重庆,2004,500000,3059.5,5222.1,4515.89,103.7,111.0,127.1
重庆,2005,500000,3448.4,5942.0,5117.0,100.8,100.1,102.7
重庆,2006,500000,3900.3,6632.0,5603.0,102.4,103.1,101.3
重庆,2007,500000,4770.7,7520.0,6138.0,104.7,114.1,107.9
重庆,2008,500000,5899.5,8756.0,7074.0,105.6,115.7,112.0
重庆,2009,500000,6651.2,9688.0,7843.0,98.4,100.0,106.2
重庆,2010,500000,8065.3,10984.0,8810.0,103.2,106.5,113.1
重庆,2011,500000,10161.2,13037.0,10263.0,105.3,114.1,115.4
重庆,2012,500000,11595.4,14924.0,11468.0,102.6,104.7,107.7
重庆,2013,500000,13027.6,16569.0,12600.0,102.7,104.1,103.0
重庆,2014,500000,14623.8,18352.0,13811.0,101.8,103.3,101.8
重庆,2015,500000,16040.5,20110.0,15140.0,101.3,101.8,102.3
重庆,2016,500000,18023.0,22034.0,16385.0,101.8,104.7,102.4
重庆,2017,500000,20066.3,24153.0,17898.0,101.0,97.0,100.6
重庆,2018,500000,21588.8,26386.0,19248.0,102.0,101.4,98.2
重庆,2019,500000,23605.8,28920.0,20774.0,102.7,109.6,97.7
重庆,2020,500000,25041.4,30824.0,21678.0,102.3,110.3,97.4
重庆,2021,500000,28077.3,33803.0,24598.0,100.3,95.6,98.5
重庆,2022,500000,28576.1,35666.0,25371.0,102.1,105.3,101.7
重庆,2023,500000,30145.8,37595.0,26515.0,99.7,97.5,101.1
重庆,2024,500000,32193.2,39713.0,27451.0,100.2,99.1,99.0
陕西,2000,610000,1804.0,2637.0,2241.0,99.5,96.8,89.8
陕西,2001,610000,2010.6,2711.73,2356.25,101.0,99.2,96.3
陕西,2002,610000,2253.4,3130.22,2772.01,98.9,99.5,99.4
陕西,2003,610000,2587.7,3431.41,2919.51,101.7,105.2,105.0
陕西,2004,610000,3141.6,3895.93,3312.79,103.1,107.3,123.9
陕西,2005,610000,3817.2,4395.0,3735.0,101.2,101.0,101.3
陕西,2006,610000,4595.6,5029.0,4366.0,101.5,102.9,103.2
陕西,2007,610000,5681.8,5974.0,5050.0,105.2,112.8,107.7
陕西,2008,610000,7177.8,7263.0,5972.0,106.4,115.3,107.7
陕西,2009,610000,7997.8,8122.0,6708.0,100.5,102.3,104.6
陕西,2010,610000,9845.2,9412.0,7625.0,104.0,108.5,114.8
陕西,2011,610000,12175.1,11229.0,9026.0,105.7,111.9,109.8
陕西,2012,610000,14142.4,12885.0,10175.0,102.8,104.8,103.3
陕西,2013,610000,15905.4,14372.0,11217.0,103.0,105.6,107.9
陕西,2014,610000,17402.5,15837.0,12204.0,101.6,102.8,103.3
陕西,2015,610000,17898.8,17395.0,13087.0,101.0,100.9,102.7
陕西,2016,610000,19045.8,18874.0,13943.0,101.3,103.8,100.3
陕西,2017,610000,21473.5,20635.0,14900.0,101.6,98.2,101.6
陕西,2018,610000,23941.9,22528.0,16160.0,102.1,101.9,100.9
陕西,2019,610000,25793.2,24666.0,17465.0,102.9,107.2,100.7
陕西,2020,610000,26014.1,26226.0,17418.0,102.5,109.3,101.6
陕西,2021,610000,30121.7,28568.0,19347.0,101.5,100.5,103.7
陕西,2022,610000,32838.2,30116.0,19848.0,102.1,103.2,104.6
陕西,2023,610000,33786.1,32128.0,22012.0,100.1,99.1,100.9
陕西,2024,610000,35538.8,33905.0,23213.0,100.1,99.1,99.5
青海,2000,630000,263.7,2706.0,2275.0,99.5,97.8,94.4
青海,2001,630000,300.1,2958.9,2544.36,102.6,102.2,95.8
青海,2002,630000,340.7,3214.71,2796.58,102.3,99.5,96.9
青海,2003,630000,385.0,3580.67,3159.38,102.0,104.1,101.5
青海,2004,630000,443.7,3985.91,3491.44,103.2,106.5,113.9
青海,2005,630000,499.4,4587.0,4105.0,100.8,101.0,102.0
青海,2006,630000,585.2,5113.0,4434.0,101.6,102.9,104.6
青海,2007,630000,720.1,5916.0,5184.0,106.7,114.8,108.1
青海,2008,630000,896.9,6808.0,5952.0,110.1,119.0,111.6
青海,2009,630000,939.7,7553.0,6619.0,102.6,103.0,106.6
青海,2010,630000,1144.2,8659.0,7713.0,105.4,108.3,112.7
青海,2011,630000,1370.4,10024.0,9032.0,106.1,111.1,109.3
青海,2012,630000,1528.5,11470.0,10386.0,103.1,106.6,102.8
青海,2013,630000,1713.3,12948.0,11576.0,103.9,108.1,108.1
青海,2014,630000,1847.7,14374.0,12605.0,102.8,104.0,105.9
青海,2015,630000,2011.0,15813.0,13611.0,102.6,102.5,102.4
青海,2016,630000,2258.2,17302.0,14775.0,101.8,102.4,101.2
青海,2017,630000,2465.1,19001.0,15503.0,101.5,99.5,102.0
青海,2018,630000,2748.0,20757.0,16557.0,102.5,103.3,101.5
青海,2019,630000,2941.1,22618.0,17545.0,102.5,106.3,101.1
青海,2020,630000,3009.8,24037.0,18284.0,102.6,108.5,101.1
青海,2021,630000,3385.1,25919.0,19020.0,101.3,99.3,101.0
青海,2022,630000,3623.3,27000.0,17261.0,102.4,103.6,103.8
青海,2023,630000,3799.1,28587.0,20327.0,100.5,98.0,101.9
青海,2024,630000,3950.8,30117.0,21204.0,100.5,98.3,99.8
黑龙江,2000,230000,2855.5,3602.0,2772.0,98.3,96.0,92.3
黑龙江,2001,230000,3043.4,4068.0,3119.26,100.8,101.9,98.5
黑龙江,2002,230000,3242.7,4516.18,3326.2,99.3,99.4,97.7
黑龙江,2003,230000,3609.7,4902.42,3663.03,100.9,103.3,99.9
黑龙江,2004,230000,4134.7,5586.55,4090.2,103.8,108.8,125.4
黑龙江,2005,230000,4756.4,6048.0,4727.0,101.2,100.1,100.4
黑龙江,2006,230000,5329.8,6748.0,5085.0,101.9,103.0,104.9
黑龙江,2007,230000,6126.3,7656.0,5883.0,105.2,113.3,105.2
黑龙江,2008,230000,7134.2,8877.0,7008.0,105.6,112.0,104.5
黑龙江,2009,230000,7218.9,9643.0,7863.0,100.2,101.2,110.7
黑龙江,2010,230000,8308.3,10846.0,8619.0,103.9,108.1,113.6
黑龙江,2011,230000,9935.0,12605.0,9967.0,105.8,112.4,111.2
黑龙江,2012,230000,11015.8,14302.0,10750.0,103.2,105.5,104.6
黑龙江,2013,230000,11849.1,15903.0,12037.0,102.2,104.3,104.6
黑龙江,2014,230000,12170.8,17404.0,12769.0,101.5,102.0,103.2
黑龙江,2015,230000,11690.0,18593.0,13403.0,101.1,101.1,102.3
黑龙江,2016,230000,11895.0,19838.0,14446.0,101.5,103.1,101.0
黑龙江,2017,230000,12313.0,21206.0,15577.0,101.3,97.3,101.1
黑龙江,2018,230000,12846.5,22726.0,16994.0,102.0,100.7,101.3
黑龙江,2019,230000,13544.4,24254.0,18111.0,102.8,109.6,101.0
黑龙江,2020,230000,13633.4,24902.0,17056.0,102.3,109.6,101.9
黑龙江,2021,230000,14858.2,27159.0,20636.0,100.6,98.9,100.4
黑龙江,2022,230000,15831.5,28346.0,20412.0,101.9,102.9,102.1
黑龙江,2023,230000,15883.9,29694.0,22052.0,100.6,100.4,102.0
黑龙江,2024,230000,16476.9,31269.0,23467.0,100.5,98.8,101.2
