省份,行政区划代码,年份,总人口,城镇人口,0-14岁,65岁及以上,平均家庭规模,土地调查总面积（平方公里）,人口密度（人/平方公里）,log1p人口密度,城镇化率,老龄人口占比,少儿人口占比
上海,310000,2015,2458.0,2176.0,244.04,279.33,2.41,8239.0121,2983.3673869710665,8.001143072703266,0.8852725793327909,0.11364117168429617,0.09928397070789259
上海,310000,2016,2467.0,2196.0,238.66,319.84,2.47,8239.0121,2994.291026711807,8.00479667668413,0.8901499797324686,0.12964734495338467,0.09674098094852047
上海,310000,2017,2466.0,2197.0,245.29,351.7,2.49,8239.0121,2993.0772889628356,8.004391379263227,0.8909164639091647,0.14261962692619626,0.09946877534468775
上海,310000,2018,2475.0,2206.0,243.43,370.07,2.43,8239.0121,3004.000928703576,8.00803315602203,0.8913131313131313,0.1495232323232323,0.09835555555555556
上海,310000,2019,2481.0,2214.0,248.95,403.54,2.38,8239.0121,3011.2833551974027,8.010453659925712,0.8923821039903265,0.16265215638855302,0.10034260378879484
上海,310000,2020,2488.0,2222.0,246.68,418.89,2.38,8239.0121,3019.779519440201,8.013270196081866,0.8930868167202572,0.16836414790996784,0.09914790996784566
上海,310000,2021,2489.0,2223.0,244.41,434.25,2.37,8239.0121,3020.993257189172,8.013671911589022,0.8931297709923665,0.17446765769385295,0.0981960626757734
上海,310000,2022,2475.0,2211.0,241.87,462.05,2.4,8239.0121,3004.000928703576,8.00803315602203,0.8933333333333333,0.18668686868686868,0.09772525252525252
上海,310000,2023,2487.0,2225.0,238.28,486.54,2.45,8239.0121,3018.56578169123,8.012868319134508,0.8946521913952553,0.1956332931242461,0.09581021310816244
上海,310000,2024,2480.0,2228.28,235.66,502.32,2.2,8239.0121,3010.069617448432,8.010050649253447,0.8985000000000001,0.2025483870967742,0.09502419354838709
云南,530000,2015,4663.0,2002.0,897.68,398.8,3.43,383194.1223,121.68767025996735,4.809641859788889,0.4293373364786618,0.08552434055329187,0.19251125884623632
云南,530000,2016,4677.0,2088.0,913.37,391.77,3.55,383194.1223,122.05302033151776,4.812615322098751,0.44644002565747276,0.08376523412443874,0.19528971562967715
云南,530000,2017,4693.0,2172.0,888.52,394.25,3.53,383194.1223,122.4705632704325,4.816002773571616,0.46281696143191986,0.0840080971659919,0.18932878755593438
云南,530000,2018,4703.0,2231.0,850.32,450.33,3.3,383194.1223,122.73152760725422,4.818114118446075,0.47437805655964277,0.09575377418668934,0.18080374229215396
云南,530000,2019,4714.0,2294.0,850.34,465.92,3.28,383194.1223,123.01858837775812,4.820431460642458,0.4866355536699194,0.09883750530335172,0.18038608400509124
云南,530000,2020,4722.0,2363.0,876.44,497.35,3.19,383194.1223,123.2273598472155,4.822113433864326,0.5004235493434985,0.10532613299449387,0.18560779330792038
云南,530000,2021,4690.0,2394.0,902.54,528.78,3.09,383194.1223,122.392273969386,4.81536849986281,0.5104477611940299,0.11274626865671641,0.19243923240938166
云南,530000,2022,4693.0,2427.0,879.82,547.56,3.15,383194.1223,122.4705632704325,4.816002773571616,0.5171532069038994,0.1166759002770083,0.18747496271041977
云南,530000,2023,4673.0,2473.0,855.77,558.42,3.15,383194.1223,121.94863459678906,4.811766663247052,0.5292103573721378,0.11949925101647763,0.18313075112347527
云南,530000,2024,4655.0,2518.82,830.98,561.79,2.74,383194.1223,121.47889879050997,4.807938760375878,0.5410998925886145,0.12068528464017185,0.17851342642320087
内蒙古,150000,2015,2440.0,1515.0,321.92,229.22,2.71,1145121.2296,21.307787655393582,3.104935839717147,0.6209016393442623,0.09394262295081968,0.1319344262295082
内蒙古,150000,2016,2436.0,1544.0,311.76,229.91,2.73,1145121.2296,21.272856855958512,3.103368755752059,0.6338259441707718,0.09438013136288999,0.12798029556650245
内蒙古,150000,2017,2433.0,1572.0,329.55,263.72,2.67,1145121.2296,21.246658756382207,3.102191829083383,0.6461159062885327,0.10839293053842994,0.13545006165228113
内蒙古,150000,2018,2422.0,1587.0,321.55,238.52,2.62,1145121.2296,21.15059905793576,3.0978645416304222,0.6552436003303055,0.09848059454995872,0.13276218001651527
内蒙古,150000,2019,2415.0,1605.0,314.61,246.25,2.58,1145121.2296,21.089470158924385,3.095101031581868,0.6645962732919255,0.10196687370600414,0.13027329192546586
内蒙古,150000,2020,2403.0,1622.0,322.02,289.21,2.54,1145121.2296,20.98467776061917,3.0903457452872005,0.6749895963379109,0.12035372451102787,0.1340074906367041
内蒙古,150000,2021,2400.0,1637.0,329.44,332.17,2.49,1145121.2296,20.95847966104287,3.089153382051723,0.6820833333333334,0.13840416666666666,0.13726666666666668
内蒙古,150000,2022,2401.0,1647.0,319.11,352.69,2.45,1145121.2296,20.967212360901637,3.089550994454481,0.6859641815910037,0.1468929612661391,0.13290712203248647
内蒙古,150000,2023,2396.0,1667.0,308.56,370.29,2.48,1145121.2296,20.9235488616078,3.0875613495961174,0.6957429048414023,0.15454507512520868,0.1287813021702838
内蒙古,150000,2024,2388.0,1689.03,298.39,383.02,2.36,1145121.2296,20.853687262737655,3.0843696607477096,0.7072989949748744,0.16039363484087102,0.1249539363484087
北京,110000,2015,2188.0,1897.0,229.7,221.65,2.56,16410.537,1333.2897028293467,7.196154371435637,0.8670018281535649,0.10130255941499086,0.104981718464351
北京,110000,2016,2195.0,1904.0,238.83,257.7,2.62,16410.537,1337.5552548950714,7.1993461433149895,0.8674259681093394,0.11740318906605922,0.10880637813211845
北京,110000,2017,2194.0,1907.0,239.36,274.3,2.62,16410.537,1336.9458903142536,7.198890799148642,0.8691886964448496,0.12502278942570647,0.10909753874202371
北京,110000,2018,2192.0,1909.0,229.46,246.67,2.58,16410.537,1335.727161152618,7.197979488328569,0.8708941605839416,0.11253193430656934,0.10468065693430657
北京,110000,2019,2190.0,1913.0,228.25,250.85,2.56,16410.537,1334.5084319909824,7.197067346263504,0.8735159817351598,0.11454337899543379,0.10422374429223745
北京,110000,2020,2189.0,1916.0,246.64,281.21,2.5,16410.537,1333.8990674101647,7.196610963039946,0.8752855185015989,0.12846505253540427,0.11267245317496573
北京,110000,2021,2189.0,1916.0,265.02,311.57,2.43,16410.537,1333.8990674101647,7.196610963039946,0.8752855185015989,0.14233439926907263,0.12106898126998629
北京,110000,2022,2184.0,1913.0,263.49,330.17,2.44,16410.537,1330.8522445060755,7.194325917399428,0.8759157509157509,0.15117673992673994,0.1206456043956044
北京,110000,2023,2186.0,1920.0,262.51,346.65,2.46,16410.537,1332.070973667711,7.1952405623229945,0.8783165599268069,0.15857731015553522,0.12008691674290942
北京,110000,2024,2183.0,1925.84,261.14,359.75,2.21,16410.537,1330.2428799252577,7.193868281030481,0.8821988089784699,0.1647961520842877,0.1196243701328447
吉林,220000,2015,2613.0,1506.0,323.77,273.64,2.79,191123.9097,136.71758829659396,4.925205126674485,0.5763490241102182,0.10472254114045158,0.12390738614619211
吉林,220000,2016,2567.0,1508.0,324.77,278.6,2.85,191123.9097,134.3107727353068,4.907574153110675,0.5874561745227892,0.10853135956369303,0.1265173354109856
吉林,220000,2017,2526.0,1508.0,314.28,308.04,2.66,191123.9097,132.1655675611161,4.891593222895518,0.5969912905779889,0.1219477434679335,0.12441805225653206
吉林,220000,2018,2484.0,1512.0,305.27,307.31,2.66,191123.9097,129.96804030950608,4.87495332633333,0.6086956521739131,0.1237157809983897,0.12289452495974235
吉林,220000,2019,2448.0,1509.0,288.08,325.31,2.6,191123.9097,128.08444552241178,4.860466806646587,0.616421568627451,0.13288807189542484,0.11767973856209149
吉林,220000,2020,2399.0,1503.0,276.92,361.15,2.51,191123.9097,125.5206637288668,4.840405644462787,0.6265110462692789,0.15054189245518965,0.115431429762401
吉林,220000,2021,2375.0,1505.0,265.76,396.98,2.41,191123.9097,124.26493387080393,4.830430965358773,0.6336842105263157,0.16714947368421054,0.11189894736842104
吉林,220000,2022,2348.0,1496.0,253.01,416.87,2.38,191123.9097,122.85223778048321,4.81908922424596,0.637137989778535,0.17754258943781942,0.10775553662691652
吉林,220000,2023,2339.0,1514.0,241.03,436.29,2.45,191123.9097,122.38133908370963,4.815279877051414,0.6472851646002565,0.1865284309533989,0.10304831124412142
吉林,220000,2024,2317.0,1524.12,230.1,449.8,2.23,191123.9097,121.23025338048535,4.805906588768168,0.6577988778593008,0.19413034095813553,0.0993094518774277
四川,510000,2015,8196.0,3956.0,1318.33,1134.35,2.86,484056.0695,169.31922800732488,5.137674487973524,0.4826744753538311,0.13840287945339189,0.1608504148365056
四川,510000,2016,8251.0,4126.0,1316.93,1130.1,3.02,484056.0695,170.45546001567078,5.144323524512502,0.5000605987153073,0.13696521633741363,0.15960853229911526
四川,510000,2017,8289.0,4292.0,1312.05,1154.65,2.95,484056.0695,171.24049303961883,5.148891715567215,0.5177946676318012,0.13929907105802872,0.1582880926529135
四川,510000,2018,8321.0,4452.0,1361.8,1247.19,2.91,484056.0695,171.90157348083827,5.152722493173216,0.535031847133758,0.14988462925129192,0.16365821415695228
四川,510000,2019,8351.0,4623.0,1370.75,1314.32,2.75,484056.0695,172.52133639448147,5.156300568163013,0.5535863968387019,0.15738474434199495,0.16414201891988983
四川,510000,2020,8371.0,4749.0,1339.83,1393.14,2.74,484056.0695,172.9345116702436,5.158678858658429,0.5673157328873492,0.16642456098435074,0.1600561462190897
四川,510000,2021,8372.0,4841.0,1308.91,1471.97,2.73,484056.0695,172.95517043403171,5.1587976248356116,0.5782369804108934,0.17582059245102724,0.15634376493072147
四川,510000,2022,8374.0,4886.0,1260.12,1517.77,2.72,484056.0695,172.99648796160793,5.159035114882137,0.5834726534511584,0.1812479101982326,0.15048005732027703
四川,510000,2023,8368.0,4978.0,1213.24,1544.97,2.77,484056.0695,172.8725353788793,5.1583224754709915,0.594885277246654,0.18462834608030593,0.14498565965583174
四川,510000,2024,8364.0,5026.76,1168.75,1542.6,2.51,484056.0695,172.78990032372687,5.157847100232125,0.6009995217599235,0.18443328550932567,0.13973577235772358
天津,120000,2015,1439.0,1193.0,155.64,165.42,2.7,11917.3191,1207.4863380976346,7.097123895236969,0.8290479499652537,0.11495482974287699,0.10815844336344684
天津,120000,2016,1443.0,1202.0,157.18,163.96,2.77,11917.3191,1210.842797689289,7.099897453340031,0.832986832986833,0.11362439362439362,0.10892584892584893
天津,120000,2017,1410.0,1178.0,159.23,159.1,2.74,11917.3191,1183.152006058141,7.076782190698547,0.8354609929078014,0.1128368794326241,0.11292907801418439
天津,120000,2018,1383.0,1161.0,142.04,151.0,2.7,11917.3191,1160.4959038144746,7.0574640255701295,0.8394793926247288,0.10918293564714389,0.10270426608821402
天津,120000,2019,1385.0,1168.0,142.33,167.32,2.65,11917.3191,1162.1741336103016,7.058907869264381,0.8433212996389892,0.1208086642599278,0.10276534296028882
天津,120000,2020,1387.0,1175.0,162.24,192.96,2.55,11917.3191,1163.8523634061287,7.060349631279277,0.8471521268925739,0.1391204037490988,0.11697188175919251
天津,120000,2021,1373.0,1165.0,182.15,218.6,2.44,11917.3191,1152.1047548353388,7.050213370292408,0.8485069191551348,0.15921340131099782,0.13266569555717408
天津,120000,2022,1363.0,1160.0,176.64,231.8,2.44,11917.3191,1143.713605856203,7.042909758811864,0.851063829787234,0.17006603081438004,0.12959647835656637
天津,120000,2023,1364.0,1166.0,170.95,244.27,2.51,11917.3191,1144.5527207541165,7.043642525063291,0.8548387096774194,0.17908357771260996,0.12532991202346042
天津,120000,2024,1364.0,1173.18,165.4,253.25,2.36,11917.3191,1144.5527207541165,7.043642525063291,0.8601026392961877,0.18566715542521994,0.12126099706744868
宁夏,640000,2015,684.0,390.0,149.89,48.42,3.27,51954.3751,131.65397498929786,4.887744046130238,0.5701754385964912,0.07078947368421053,0.21913742690058477
宁夏,640000,2016,695.0,408.0,156.51,50.27,3.33,51954.3751,133.77121727713745,4.9035786539962505,0.5870503597122302,0.07233093525179857,0.22519424460431653
宁夏,640000,2017,705.0,430.0,161.3,51.36,3.17,51954.3751,135.69598299335527,4.917759357733804,0.6099290780141844,0.07285106382978723,0.22879432624113477
宁夏,640000,2018,710.0,441.0,160.64,50.82,3.1,51954.3751,136.65836585146417,4.9247750059965485,0.6211267605633802,0.07157746478873239,0.22625352112676053
宁夏,640000,2019,717.0,456.0,173.09,57.84,3.31,51954.3751,138.00570185281663,4.934514952813234,0.6359832635983264,0.08066945606694562,0.2414086471408647
宁夏,640000,2020,721.0,468.0,165.04,58.22,3.14,51954.3751,138.77560813930376,4.9400383377478425,0.6490984743411928,0.080748959778086,0.22890429958391123
宁夏,640000,2021,725.0,479.0,156.99,58.6,2.97,51954.3751,139.54551442579088,4.945531382405632,0.6606896551724138,0.08082758620689655,0.21653793103448277
宁夏,640000,2022,728.0,483.0,151.74,61.08,3.0,51954.3751,140.12294414065622,4.949631454715576,0.6634615384615384,0.0839010989010989,0.20843406593406594
宁夏,640000,2023,729.0,491.0,145.26,63.32,3.05,51954.3751,140.315420712278,4.9509944182883086,0.6735253772290809,0.08685871056241426,0.19925925925925925
宁夏,640000,2024,729.0,497.32,139.37,64.62,2.84,51954.3751,140.315420712278,4.9509944182883086,0.6821947873799725,0.08864197530864198,0.19117969821673525
安徽,340000,2015,6011.0,3063.81,1065.09,658.34,3.2,140125.7919,428.9717059575811,6.063719406424038,0.5097005489935119,0.10952254200632175,0.17719015138911992
安徽,340000,2016,6033.0,3174.56,1057.9,691.79,3.32,140125.7919,430.54172384662894,6.067364200742527,0.5261992375269352,0.11466766119675119,0.17535222940493952
安徽,340000,2017,6057.0,3288.35,1156.91,787.08,3.18,140125.7919,432.2544706346812,6.071325247376132,0.5429007759616972,0.12994551758296186,0.19100379725936933
安徽,340000,2018,6076.0,3381.29,1129.43,802.13,3.11,140125.7919,433.61039517522255,6.074449986485246,0.5564993416721528,0.13201612903225807,0.18588380513495723
安徽,340000,2019,6092.0,3473.66,1136.0,850.93,2.92,140125.7919,434.7522263672573,6.077073793663629,0.5702002626395273,0.13967990807616545,0.18647406434668418
安徽,340000,2020,6105.0,3561.05,1138.0,897.42,2.8,140125.7919,435.6799642107856,6.079200579454535,0.5833005733005733,0.146997542997543,0.1864045864045864
安徽,340000,2021,6113.0,3630.51,1140.0,943.9,2.67,140125.7919,436.250879806803,6.080507126033458,0.5938998854899395,0.15440863733027974,0.18648781285784394
安徽,340000,2022,6127.0,3685.39,1103.71,967.62,2.71,140125.7919,437.2499820998335,6.082789482956696,0.6014999183939937,0.15792720744246777,0.1801387302105435
安徽,340000,2023,6121.0,3765.03,1062.05,971.35,2.78,140125.7919,436.82179540282044,6.081811967775624,0.6151004737787944,0.1586913902957033,0.17350923051788922
安徽,340000,2024,6123.0,3831.16,1017.75,960.42,2.46,140125.7919,436.9645243018248,6.082137912351502,0.6256998203495019,0.1568544830965213,0.16621754042136208
山东,370000,2015,9866.0,5621.0,1618.85,1143.56,2.86,157052.409,628.1979412362913,6.444445899144903,0.5697344415163187,0.11590918305290898,0.16408372187309953
山东,370000,2016,9973.0,5897.0,1689.56,1162.08,2.87,157052.409,635.0109535728293,6.455215785790603,0.591296500551489,0.11652261104983455,0.16941341622380426
山东,370000,2017,10033.0,6099.0,1774.03,1297.84,2.82,157052.409,638.8313343222898,6.461204601499495,0.6078939499651151,0.12935712149905312,0.17681949566430777
山东,370000,2018,10077.0,6193.0,1814.9,1527.92,2.85,157052.409,641.6329468718942,6.465573716565528,0.6145678277265059,0.15162449141609607,0.18010320531904336
山东,370000,2019,10106.0,6252.0,1786.02,1600.31,2.74,157052.409,643.4794642341334,6.468442958774835,0.6186423906590145,0.15835246388284188,0.1767286760340392
山东,370000,2020,10165.0,6409.0,1829.4,1609.89,2.71,157052.409,647.2361719711029,6.474255092870167,0.6304968027545499,0.15837579931136253,0.17997048696507625
山东,370000,2021,10170.0,6503.0,1872.79,1619.47,2.67,157052.409,647.554537033558,6.474746097419537,0.6394296951819076,0.15923992133726647,0.18414847590953784
山东,370000,2022,10163.0,6559.0,1814.23,1699.51,2.69,157052.409,647.1088259461209,6.474058623526595,0.6453803010921972,0.16722522877103219,0.17851323428121618
山东,370000,2023,10123.0,6634.0,1749.91,1764.25,2.69,157052.409,644.5619054464805,6.4701211087812105,0.6553393262866739,0.17428133952385658,0.17286476341005633
山东,370000,2024,10080.0,6701.18,1692.14,1787.65,2.43,157052.409,641.8239659093672,6.4658709167859,0.6647996031746032,0.17734623015873016,0.16787103174603177
山西,140000,2015,3519.0,1966.0,531.63,303.16,3.09,156711.2485,224.55312134150984,5.418555702559402,0.5586814435919295,0.08614947428246662,0.15107416879795396
山西,140000,2016,3514.0,2012.0,539.66,305.61,3.11,156711.2485,224.23406319808626,5.417140142367614,0.5725668753557199,0.086969265793967,0.15357427433124643
山西,140000,2017,3510.0,2057.0,547.69,315.52,2.97,156711.2485,223.97881668334742,5.4160062496982,0.586039886039886,0.08989173789173789,0.15603703703703706
山西,140000,2018,3502.0,2096.0,546.09,361.62,2.99,156711.2485,223.4683236538697,5.41373459991699,0.5985151342090235,0.1032609937178755,0.15593660765276984
山西,140000,2019,3497.0,2143.0,537.47,384.49,2.95,156711.2485,223.14926551044613,5.412312193819128,0.6128109808407206,0.10994852730912211,0.15369459536745783
山西,140000,2020,3490.0,2182.0,545.43,430.29,2.8,156711.2485,222.70258410965312,5.410317420104166,0.625214899713467,0.12329226361031519,0.15628366762177648
山西,140000,2021,3480.0,2207.0,553.39,476.08,2.65,156711.2485,222.064467822806,5.407460823056493,0.6341954022988506,0.13680459770114942,0.15902011494252874
山西,140000,2022,3481.0,2226.0,536.59,504.08,2.67,156711.2485,222.1282794514907,5.407746850247698,0.6394714162596955,0.1448089629416834,0.1541482332663028
山西,140000,2023,3466.0,2252.0,517.49,526.98,2.72,156711.2485,221.17110502121997,5.403447828340991,0.6497403346797461,0.15204270051933064,0.14930467397576458
山西,140000,2024,3446.0,2285.39,501.79,543.97,2.44,156711.2485,219.8948724475257,5.397686898058549,0.6632008125362739,0.1578554846198491,0.14561520603598377
广东,440000,2015,11678.0,8117.0,1942.7,933.31,3.15,179752.3485,649.6716230664435,6.4780050956936055,0.6950676485699606,0.07992036307586915,0.16635554033224867
广东,440000,2016,11908.0,8353.0,1993.2,916.11,3.1,179752.3485,662.46700526419,6.497479124222566,0.7014612025529056,0.07693231441048035,0.16738327175008397
广东,440000,2017,12141.0,8589.0,2043.53,940.53,3.05,179752.3485,675.4292837514721,6.516827909628789,0.707437608104769,0.07746725969854212,0.1683164483979903
广东,440000,2018,12348.0,8867.0,2087.87,1020.34,3.02,179752.3485,686.9451277294438,6.533709078545445,0.7180919987042436,0.08263200518302559,0.16908568189180434
广东,440000,2019,12489.0,9073.0,1993.97,1071.37,2.89,179752.3485,694.7892533376275,6.5450468175534775,0.7264793017855713,0.08578509087997437,0.15965809912723197
广东,440000,2020,12624.0,9361.0,2185.07,1114.08,2.88,179752.3485,702.2995863667395,6.555782955181765,0.7415240811153359,0.0882509505703422,0.17308856147021548
广东,440000,2021,12684.0,9466.0,2376.18,1156.79,2.86,179752.3485,705.637512157456,6.560517821765922,0.7462945443077893,0.09120072532324187,0.18733680227057709
广东,440000,2022,12657.0,9465.0,2337.35,1214.51,2.83,179752.3485,704.1354455516336,6.55838990570916,0.7478075373311212,0.09595559769297622,0.1846685628505965
广东,440000,2023,12706.0,9583.0,2284.23,1265.96,2.92,179752.3485,706.8614182807187,6.562248337643114,0.7542106091610263,0.09963481819612782,0.17977569652132852
广东,440000,2024,12780.0,9701.3,2240.81,1301.79,2.63,179752.3485,710.9781934226022,6.568047283727506,0.7591001564945227,0.10186150234741784,0.17533724569640063
广西,450000,2015,4811.0,2309.0,1040.81,462.8,3.39,237558.098,202.51888024461283,5.315758778193878,0.4799418000415714,0.09619621700270214,0.21633963832882974
广西,450000,2016,4857.0,2392.0,1037.15,470.79,3.55,237558.098,204.4552486693171,5.325228242188868,0.49248507309038503,0.0969302038295244,0.21353716285773114
广西,450000,2017,4907.0,2482.0,1092.19,478.2,3.51,237558.098,206.55999695703912,5.335420439838907,0.5058080293458325,0.0974526187079682,0.22257794986753618
广西,450000,2018,4947.0,2564.0,1081.4,495.98,3.4,237558.098,208.24379558721674,5.343500058211794,0.5182939155043461,0.10025874267232666,0.2185971295734789
广西,450000,2019,4982.0,2639.0,1087.58,506.52,3.28,237558.098,209.71711938862214,5.3505165675741875,0.5297069450020072,0.10167001204335607,0.21830188679245283
广西,450000,2020,5019.0,2720.0,1120.98,570.32,3.2,237558.098,211.27463312153645,5.357880875567064,0.541940625622634,0.11363219764893406,0.22334728033472803
广西,450000,2021,5037.0,2774.0,1154.37,634.12,3.12,237558.098,212.03234250511636,5.361443996929507,0.5507246376811594,0.1258923962676196,0.2291780821917808
广西,450000,2022,5047.0,2809.0,1118.37,662.86,3.1,237558.098,212.45329216266077,5.363418036662733,0.5565682583713097,0.13133742817515356,0.22159104418466413
广西,450000,2023,5027.0,2854.0,1077.8,694.22,3.12,237558.098,211.61139284757198,5.359466052654422,0.5677342351302964,0.13809826934553412,0.21440222796896757
广西,450000,2024,5013.0,2876.96,1037.89,700.35,2.95,237558.098,211.0220633270098,5.356690341554082,0.5738998603630561,0.13970676241771396,0.2070396967883503
新疆,650000,2015,2385.0,1163.0,577.63,124.24,4.06,1664897.1701,14.325209044933075,2.729499122507908,0.48763102725366875,0.05209224318658281,0.24219287211740043
新疆,650000,2016,2428.0,1224.0,583.99,120.74,4.03,1664897.1701,14.583483254128934,2.7462115876061226,0.5041186161449753,0.04972817133443163,0.24052306425041187
新疆,650000,2017,2480.0,1287.0,594.83,143.22,3.98,1664897.1701,14.895814855947181,2.7660558579715193,0.5189516129032258,0.05775,0.2398508064516129
新疆,650000,2018,2520.0,1361.0,593.02,143.44,3.86,1664897.1701,15.136069934268908,2.7810571346948803,0.540079365079365,0.05692063492063492,0.23532539682539683
新疆,650000,2019,2559.0,1421.0,667.04,153.92,4.13,1664897.1701,15.370318635632595,2.795469855801588,0.5552950371238765,0.06014849550605705,0.26066432200078155
新疆,650000,2020,2590.0,1464.0,653.72,152.16,3.7,1664897.1701,15.556516321331934,2.8067797597575304,0.5652509652509653,0.05874903474903475,0.2524015444015444
新疆,650000,2021,2589.0,1482.0,640.4,150.41,3.27,1664897.1701,15.550509944373891,2.806416913697257,0.5724217844727694,0.05809578988026265,0.24735419080726148
新疆,650000,2022,2587.0,1498.0,640.16,152.58,3.54,1664897.1701,15.538497190457806,2.8056908263659026,0.5790490916119057,0.0589795129493622,0.2474526478546579
新疆,650000,2023,2598.0,1539.0,633.44,158.19,3.49,1664897.1701,15.604567336996281,2.8096777983011223,0.5923787528868361,0.0608891454965358,0.24381832178598925
新疆,650000,2024,2623.0,1583.24,623.41,165.14,3.18,1664897.1701,15.75472676094736,2.8186804131450693,0.6035989325200153,0.06295844452916508,0.2376706061761342
江苏,320000,2015,8315.0,5612.0,1145.22,1065.45,3.07,106673.8834,779.4785129196862,6.659907209685035,0.6749248346361997,0.12813589897775104,0.1377294046903187
江苏,320000,2016,8381.0,5777.0,1150.75,1131.88,3.18,106673.8834,785.6655943210932,6.6678032461994645,0.6892972199021596,0.13505309628922565,0.13730461758740006
江苏,320000,2017,8423.0,5911.0,1132.7,1173.54,3.09,106673.8834,789.6028279401704,6.672795727810615,0.7017689659266295,0.1393256559420634,0.1344770271874629
江苏,320000,2018,8446.0,6013.0,1159.62,1207.49,3.04,106673.8834,791.7589320649031,6.675519180545021,0.7119346436182808,0.14296590101823348,0.13729812929197252
江苏,320000,2019,8469.0,6137.0,1167.65,1276.96,2.97,106673.8834,793.9150361896359,6.678235236225597,0.7246428149722517,0.1507804935647656,0.13787342071082773
江苏,320000,2020,8477.0,6226.0,1208.26,1363.27,2.85,106673.8834,794.6649854504125,6.67917822470294,0.7344579450277221,0.16081986551846172,0.14253391530022413
江苏,320000,2021,8505.0,6289.0,1248.87,1449.58,2.73,106673.8834,797.2898078631306,6.682471699268648,0.7394473838918283,0.17043856554967665,0.1468395061728395
江苏,320000,2022,8515.0,6337.0,1205.16,1521.56,2.74,106673.8834,798.2272444391014,6.683645316391821,0.7442160892542572,0.1786917204932472,0.1415337639459777
江苏,320000,2023,8526.0,6398.0,1157.29,1573.54,2.8,106673.8834,799.2584246726692,6.684934706345535,0.7504105090311987,0.1845578231292517,0.13573657049026508
江苏,320000,2024,8526.0,6439.69,1108.92,1600.91,2.46,106673.8834,799.2584246726692,6.684934706345535,0.7553002580342482,0.18776800375322544,0.13006333567909922
江西,360000,2015,4485.0,2346.0,941.77,422.72,3.53,166894.3369,268.7329051007482,5.597432229009595,0.5230769230769231,0.09425195094760312,0.20998216276477147
江西,360000,2016,4496.0,2427.0,954.19,431.44,3.64,166894.3369,269.3920047565137,5.599872775523502,0.5398131672597865,0.09596085409252669,0.212230871886121
江西,360000,2017,4511.0,2513.0,974.56,440.06,3.56,166894.3369,270.29077701437575,5.603191223563162,0.5570826867656838,0.0975526490800266,0.21604078918199954
江西,360000,2018,4513.0,2588.0,915.52,439.33,3.45,166894.3369,270.41061331542403,5.6036328524409615,0.5734544648792378,0.09734766230888543,0.20286284068247284
江西,360000,2019,4516.0,2668.0,912.56,458.39,3.32,166894.3369,270.5903677669964,5.604294930280233,0.5907883082373782,0.10150354295837023,0.2020726306465899
江西,360000,2020,4519.0,2731.0,928.12,509.39,3.22,166894.3369,270.7701222185688,5.604956570062451,0.6043372427528214,0.11272184111529099,0.2053817216198274
江西,360000,2021,4517.0,2776.0,943.67,560.39,3.12,166894.3369,270.65028591752053,5.604515525518681,0.6145671906132388,0.12406243081691387,0.20891520920965242
江西,360000,2022,4528.0,2811.0,899.25,590.07,3.04,166894.3369,271.309385573286,5.606938866853933,0.620803886925795,0.13031581272084808,0.1985976148409894
江西,360000,2023,4515.0,2850.0,850.84,608.86,3.1,166894.3369,270.5304496164723,5.604074286368788,0.6312292358803987,0.1348527131782946,0.18844739756367665
江西,360000,2024,4502.0,2870.93,805.11,625.18,2.69,166894.3369,269.75151365965854,5.6012014764828635,0.6377010217681031,0.1388671701466015,0.17883385162150156
河北,130000,2015,7345.0,3795.0,1362.55,743.66,3.23,188430.6114,389.79866091969814,5.9681924936522615,0.5166780122532335,0.10124710687542546,0.1855071477195371
河北,130000,2016,7375.0,3973.0,1361.47,804.48,3.26,188430.6114,391.3907589220931,5.972258177266328,0.5387118644067797,0.10908203389830509,0.18460610169491526
河北,130000,2017,7409.0,4130.0,1330.81,874.29,3.21,188430.6114,393.1951366581407,5.976846057397819,0.5574301525172088,0.11800377918747469,0.17962073154271832
河北,130000,2018,7426.0,4257.0,1372.29,942.16,3.12,188430.6114,394.09732552616447,5.979132128288295,0.5732561271209264,0.12687314839752223,0.18479531376245623
河北,130000,2019,7447.0,4377.0,1402.12,978.86,3.1,188430.6114,395.21179412784096,5.9819489019381,0.5877534577682288,0.13144353430911776,0.18827984423257685
河北,130000,2020,7464.0,4484.0,1416.83,1045.02,2.97,188430.6114,396.1139829958648,5.984223350299584,0.6007502679528403,0.140008038585209,0.1898218113612004
河北,130000,2021,7448.0,4554.0,1431.53,1111.18,2.84,188430.6114,395.2648640612541,5.982082836314448,0.6114393125671321,0.1491917293233083,0.192203276047261
河北,130000,2022,7420.0,4575.0,1377.84,1160.32,2.85,188430.6114,393.7789059256855,5.978325876359072,0.616576819407008,0.15637735849056603,0.18569272237196766
河北,130000,2023,7393.0,4641.0,1316.75,1200.42,2.9,188430.6114,392.34601772353005,5.974689676721283,0.6277559853915866,0.16237251454078183,0.17810766941701608
河北,130000,2024,7378.0,4679.13,1251.7,1214.2,2.53,188430.6114,391.54996872233255,5.972663837966087,0.6342003252914069,0.16457034426673897,0.16965302249932232
河南,410000,2015,9701.0,4561.0,2025.55,915.02,3.41,165536.4193,586.0341815427923,6.375083049040396,0.47015771569941245,0.09432223482115246,0.2087980620554582
河南,410000,2016,9778.0,4770.0,2032.62,985.23,3.48,165536.4193,590.6857259174749,6.382975625540852,0.4878298220494989,0.10075986909388424,0.20787686643485373
河南,410000,2017,9829.0,4970.0,2049.78,1065.81,3.34,165536.4193,593.766618944862,6.388169091533091,0.505646556109472,0.10843524264930307,0.20854410418150374
河南,410000,2018,9864.0,5153.0,2101.33,1090.47,3.41,165536.4193,595.8809572969903,6.391717691996898,0.522404703974047,0.11055048661800487,0.2130302108678021
河南,410000,2019,9901.0,5348.0,2085.23,1148.66,3.31,165536.4193,598.1161149835261,6.395455427381974,0.5401474598525402,0.11601454398545602,0.21060801939198062
河南,410000,2020,9941.0,5510.0,2139.5,1265.62,3.15,165536.4193,600.5325016716729,6.399480568321801,0.5542701941454582,0.12731314757066692,0.21521979680112666
河南,410000,2021,9883.0,5579.0,2193.77,1382.58,2.99,165536.4193,597.0287409738601,6.393638814624897,0.5645047050490741,0.13989476879490031,0.2219740969341293
河南,410000,2022,9872.0,5633.0,2100.58,1436.38,2.96,165536.4193,596.3642346346197,6.392527035617915,0.5706037277147488,0.14550040518638574,0.2127816045380875
河南,410000,2023,9815.0,5701.0,1995.69,1461.49,3.0,165536.4193,592.9208836040106,6.386746117905884,0.5808456444218033,0.14890371879775854,0.2033306164034641
河南,410000,2024,9785.0,5794.68,1894.59,1471.29,2.67,165536.4193,591.1085935879005,6.383690053176539,0.5922003065917221,0.15036177823198774,0.19362187020950433
浙江,330000,2015,5985.0,3969.0,747.26,636.61,2.61,105390.9451,567.8855991206023,6.343679357884797,0.6631578947368421,0.10636758563074353,0.12485547201336675
浙江,330000,2016,6072.0,4112.0,786.12,706.46,2.68,105390.9451,576.1405777544355,6.3580858724567,0.6772068511198946,0.1163471673254282,0.12946640316205535
浙江,330000,2017,6170.0,4252.0,751.02,770.03,2.62,105390.9451,585.4392893189835,6.374069149213016,0.6891410048622366,0.12480226904376013,0.12172123176661263
浙江,330000,2018,6273.0,4392.0,859.05,814.58,2.58,105390.9451,595.212424942947,6.3905970212531615,0.7001434720229556,0.1298549338434561,0.13694404591104734
浙江,330000,2019,6375.0,4563.0,832.32,894.6,2.55,105390.9451,604.8906757550275,6.406699566750219,0.715764705882353,0.1403294117647059,0.13056
浙江,330000,2020,6468.0,4668.0,849.36,910.61,2.53,105390.9451,613.7149632601596,6.421158685995349,0.7217068645640075,0.140786951144094,0.13131725417439705
浙江,330000,2021,6540.0,4752.0,866.39,926.63,2.51,105390.9451,620.5466697157458,6.432211000192232,0.726605504587156,0.14168654434250763,0.1324755351681957
浙江,330000,2022,6577.0,4826.0,851.79,980.76,2.52,105390.9451,624.0574077554221,6.437843497926902,0.7337691956819219,0.1491196594191881,0.1295104150828645
浙江,330000,2023,6627.0,4919.0,835.15,1021.48,2.61,105390.9451,628.8016483495792,6.445404925922278,0.7422664855892561,0.15413912781047232,0.1260223328806398
浙江,330000,2024,6670.0,5033.18,819.82,1048.24,2.35,105390.9451,632.8816952605542,6.451862336489777,0.7545997001499251,0.15715742128935534,0.12291154422788607
海南,460000,2015,945.0,518.9,183.61,75.31,3.69,35353.6896,267.29883378282534,5.592101410731209,0.5491005291005291,0.07969312169312169,0.1942962962962963
海南,460000,2016,957.0,542.62,188.97,78.93,3.78,35353.6896,270.69310468800404,5.60467313770763,0.5670010449320794,0.08247648902821317,0.19746081504702195
海南,460000,2017,972.0,564.15,192.62,79.63,3.58,35353.6896,274.9359433194775,5.620168749358049,0.5804012345679012,0.08192386831275719,0.1981687242798354
海南,460000,2018,982.0,580.66,188.36,80.59,3.59,35353.6896,277.76450240712643,5.630367347993644,0.5913034623217922,0.08206720977596742,0.19181262729124238
海南,460000,2019,995.0,590.73,194.11,92.69,3.62,35353.6896,281.44162922107006,5.643471907010882,0.5936984924623115,0.09315577889447237,0.19508542713567842
海南,460000,2020,1012.0,609.93,196.93,101.5,3.51,35353.6896,286.25017967007324,5.660353542211953,0.602697628458498,0.10029644268774704,0.19459486166007905
海南,460000,2021,1020.0,621.89,199.75,110.31,3.4,35353.6896,288.51302694019245,5.6682002940669625,0.6096960784313725,0.10814705882352942,0.19583333333333333
海南,460000,2022,1027.0,631.5,195.05,115.93,3.39,35353.6896,290.49301830154667,5.675016054565629,0.6148977604673808,0.11288218111002922,0.18992210321324246
海南,460000,2023,1043.0,651.46,190.61,121.95,3.45,35353.6896,295.018712841785,5.690422671385904,0.624602109300096,0.11692233940556089,0.182751677852349
海南,460000,2024,1048.0,661.08,186.47,124.19,3.21,35353.6896,296.43299238560945,5.695188963937696,0.6308015267175573,0.11850190839694656,0.1779293893129771
湖北,420000,2015,5850.0,3345.0,920.15,638.81,3.04,185888.4275,314.70490544657497,5.7548079337599045,0.5717948717948718,0.10919829059829059,0.1572905982905983
湖北,420000,2016,5885.0,3447.0,911.03,681.21,3.11,185888.4275,316.5877553082211,5.7607541748143385,0.5857264231096007,0.1157536108751062,0.1548054375531011
湖北,420000,2017,5904.0,3535.0,933.91,722.18,3.02,185888.4275,317.6098738045433,5.763967388221541,0.5987466124661247,0.12232046070460703,0.15818258807588076
湖北,420000,2018,5917.0,3609.0,908.32,739.17,3.0,185888.4275,318.30921803886906,5.766159968827568,0.6099374683116444,0.12492310292377894,0.15351022477606896
湖北,420000,2019,5927.0,3665.0,923.11,774.7,2.94,185888.4275,318.84717514219653,5.767843304036594,0.6183566728530454,0.1307069343681458,0.155746583431753
湖北,420000,2020,5745.0,3613.0,924.9,836.96,2.97,185888.4275,309.0563558616364,5.736754074058881,0.6288946910356832,0.14568494342906876,0.16099216710182768
湖北,420000,2021,5830.0,3736.0,926.69,899.22,3.0,185888.4275,313.62899123991997,5.751394139079967,0.6408233276157804,0.1542401372212693,0.15895197255574614
湖北,420000,2022,5844.0,3779.0,899.44,952.16,2.9,185888.4275,314.38213118457844,5.753785018468016,0.6466461327857632,0.16292950034223133,0.15390828199863107
湖北,420000,2023,5838.0,3822.0,867.54,989.38,2.86,185888.4275,314.05935692258197,5.7527610557489135,0.6546762589928058,0.1694724220623501,0.1486022610483042
湖北,420000,2024,5834.0,3870.86,833.11,1008.96,2.6,185888.4275,313.84417408125097,5.75207783097207,0.6635001714089819,0.17294480630785053,0.1428025368529311
湖南,430000,2015,6615.0,3360.0,1207.88,753.24,3.21,211854.6875,312.2423241166189,5.746977089458771,0.5079365079365079,0.11386848072562358,0.1825971277399849
湖南,430000,2016,6625.0,3491.0,1205.81,787.72,3.24,211854.6875,312.7143457706122,5.748482845010467,0.5269433962264151,0.1189011320754717,0.1820090566037736
湖南,430000,2017,6633.0,3623.0,1220.94,807.32,3.21,211854.6875,313.09196309380695,5.749685819123348,0.5462083521785014,0.12171264887682799,0.18407055630936228
湖南,430000,2018,6635.0,3722.0,1292.93,828.47,3.29,211854.6875,313.1863674246056,5.749986336670823,0.560964581763376,0.1248636021100226,0.1948651092690279
湖南,430000,2019,6640.0,3815.0,1327.23,872.75,3.15,211854.6875,313.4223782516023,5.7507372356670885,0.5745481927710844,0.1314382530120482,0.1998840361445783
湖南,430000,2020,6645.0,3905.0,1288.19,948.5,3.05,211854.6875,313.658389078599,5.751487571237102,0.5876598946576373,0.14273890142964635,0.19385854025583146
湖南,430000,2021,6622.0,3954.0,1249.14,1024.25,2.95,211854.6875,312.57273927441423,5.748031356363628,0.5971005738447599,0.15467381455753548,0.18863485351857445
湖南,430000,2022,6604.0,3983.0,1199.36,1064.45,2.87,211854.6875,311.72310029722615,5.745318135407244,0.6031193216232587,0.16118261659600244,0.18161114476075105
湖南,430000,2023,6568.0,4017.0,1143.43,1081.32,2.85,211854.6875,310.02382234285,5.739869508418819,0.6116017052375152,0.16463459196102312,0.17409104750304508
湖南,430000,2024,6539.0,4058.76,1084.28,1090.89,2.39,211854.6875,308.6549595462692,5.735458643875438,0.6207004129071724,0.16682826120201869,0.16581740327267167
甘肃,620000,2015,2523.0,1116.18,479.95,180.91,3.28,404090.8732,62.43645098985621,4.15003863297889,0.4424019024970274,0.07170432025366627,0.19022988505747127
甘肃,620000,2016,2520.0,1160.96,496.8,182.04,3.36,404090.8732,62.362210263352225,4.148867631104679,0.4606984126984127,0.07223809523809524,0.19714285714285715
甘肃,620000,2017,2522.0,1213.59,505.5,199.24,3.36,404090.8732,62.41170408102155,4.149648451361589,0.48120142743854083,0.07900079302141158,0.20043616177636797
甘肃,620000,2018,2515.0,1249.7,491.76,190.95,3.25,404090.8732,62.23847571917891,4.146912908938498,0.49689860834990063,0.07592445328031809,0.19553081510934392
甘肃,620000,2019,2509.0,1272.06,489.77,213.89,3.1,404090.8732,62.089994266170926,4.144562187499387,0.5069988043045037,0.08524910322837784,0.19520526106018332
甘肃,620000,2020,2501.0,1306.27,502.04,230.08,3.05,404090.8732,61.892018995493615,4.141419271641527,0.5222990803678529,0.09199520191923231,0.20073570571771293
甘肃,620000,2021,2490.0,1327.92,514.31,246.27,3.0,404090.8732,61.619802998312316,4.137081569906602,0.5333012048192771,0.09890361445783133,0.20655020080321282
甘肃,620000,2022,2492.0,1350.41,505.43,254.76,3.01,404090.8732,61.669296815981646,4.1378716437488965,0.5418980738362761,0.10223113964686999,0.20282102728731943
甘肃,620000,2023,2465.0,1367.83,488.27,257.73,3.03,404090.8732,61.001130277445725,4.127152615160305,0.5549006085192697,0.10455578093306289,0.1980811359026369
甘肃,620000,2024,2458.0,1396.88,476.07,259.97,2.77,404090.8732,60.82790191560308,4.124354749881411,0.568299430431245,0.10576484947111474,0.19368185516680228
福建,350000,2015,3984.0,2518.68,714.37,349.43,2.87,124057.9669,321.1401975667876,5.774986846957147,0.6321987951807229,0.08770833333333333,0.1793097389558233
福建,350000,2016,4016.0,2585.9,734.59,399.56,3.05,124057.9669,323.71963690467345,5.7829621543502725,0.6438994023904383,0.09949203187250996,0.18291583665338645
福建,350000,2017,4065.0,2673.96,751.4,387.23,3.03,124057.9669,327.66940339081117,5.795052392646748,0.65780073800738,0.09525953259532596,0.18484624846248462
福建,350000,2018,4104.0,2748.86,686.18,389.32,2.94,124057.9669,330.81309508385954,5.804571843776404,0.6698001949317739,0.0948635477582846,0.16719785575048732
福建,350000,2019,4137.0,2807.78,697.96,413.61,2.84,124057.9669,333.4731419010543,5.812556583074215,0.6786995407299976,0.09997824510514866,0.16871162678269278
福建,350000,2020,4161.0,2860.69,744.54,448.34,2.86,124057.9669,335.4077214044687,5.818323880880764,0.6875006008171113,0.10774813746695505,0.1789329488103821
福建,350000,2021,4187.0,2918.34,791.12,483.08,2.87,124057.9669,337.50351586650095,5.824534478905482,0.6970002388344877,0.11537616431812753,0.1889467399092429
福建,350000,2022,4188.0,2936.21,769.65,510.66,2.83,124057.9669,337.58412334580987,5.8247725794851455,0.7011007640878701,0.12193409742120344,0.1837750716332378
福建,350000,2023,4183.0,2971.6,745.41,528.12,2.89,124057.9669,337.1810859492652,5.823581509262692,0.7103992349988046,0.12625388477169497,0.17819985656227588
福建,350000,2024,4193.0,3010.57,721.39,543.13,2.62,124057.9669,337.98716074235455,5.825962232746857,0.7179990460290961,0.12953255425709514,0.17204626758883854
西藏,540000,2015,330.0,95.0,49.45,35.51,3.15,1202071.5077,2.7452609756254023,1.3204913009565251,0.2878787878787879,0.1076060606060606,0.14984848484848487
西藏,540000,2016,340.0,107.0,50.44,36.52,3.23,1202071.5077,2.8284507021595053,1.342460204946282,0.31470588235294117,0.10741176470588236,0.14835294117647058
西藏,540000,2017,349.0,116.0,54.56,38.72,3.09,1202071.5077,2.903321456040198,1.3618278460778428,0.332378223495702,0.11094555873925502,0.15633237822349572
西藏,540000,2018,354.0,120.0,50.89,39.51,2.98,1202071.5077,2.9449163193072496,1.3724277422369318,0.3389830508474576,0.11161016949152541,0.14375706214689266
西藏,540000,2019,361.0,125.0,52.53,43.48,2.98,1202071.5077,3.0031491278811218,1.3870813333462806,0.3462603878116344,0.12044321329639888,0.14551246537396123
西藏,540000,2020,366.0,131.0,57.64,47.35,2.84,1202071.5077,3.0447439911481733,1.3974182583093193,0.35792349726775957,0.12937158469945356,0.1574863387978142
西藏,540000,2021,366.0,134.0,62.75,51.22,2.69,1202071.5077,3.0447439911481733,1.3974182583093193,0.366120218579235,0.13994535519125684,0.17144808743169399
西藏,540000,2022,364.0,136.0,61.14,53.43,2.69,1202071.5077,3.0281060458413527,1.3932963016799091,0.37362637362637363,0.1467857142857143,0.16796703296703297
西藏,540000,2023,365.0,142.0,59.87,55.59,2.69,1202071.5077,3.036425018494763,1.3953594038089174,0.38904109589041097,0.1523013698630137,0.16402739726027396
西藏,540000,2024,370.0,146.82,59.16,58.02,2.35,1202071.5077,3.0780198817618145,1.4056115475111033,0.39681081081081077,0.15681081081081083,0.15989189189189187
贵州,520000,2015,3708.0,1593.0,824.81,350.38,3.21,176152.4661,210.49946572391474,5.3542224723550795,0.42961165048543687,0.09449298813376483,0.22244066882416397
贵州,520000,2016,3758.0,1712.0,837.03,361.64,3.33,176152.4661,213.33791590897292,5.367553815942688,0.4555614688664183,0.09623203831825439,0.22273283661522086
贵州,520000,2017,3803.0,1816.0,809.72,378.3,3.4,176152.4661,215.89252107552528,5.379401936258748,0.4775177491454115,0.0994740993952143,0.2129161188535367
贵州,520000,2018,3822.0,1893.0,850.02,433.46,3.26,176152.4661,216.97113214584738,5.384362632671284,0.49529042386185246,0.11341182626896912,0.22240188383045525
贵州,520000,2019,3848.0,1981.0,856.12,445.58,3.17,176152.4661,218.44712624207764,5.391111320774303,0.5148128898128899,0.11579521829521829,0.22248440748440748
贵州,520000,2020,3858.0,2051.0,881.08,449.35,3.1,176152.4661,219.01481627908927,5.393694890807806,0.5316226023846553,0.11647226542249871,0.22837739761534476
贵州,520000,2021,3852.0,2093.0,906.04,453.12,3.03,176152.4661,218.6742022568823,5.392145549905561,0.5433541017653167,0.11763239875389409,0.23521287642782968
贵州,520000,2022,3856.0,2114.0,889.52,467.5,3.11,176152.4661,218.90127827168695,5.393178710511928,0.5482365145228216,0.1212396265560166,0.23068464730290456
贵州,520000,2023,3865.0,2162.0,869.45,495.36,3.21,176152.4661,219.41219930499742,5.39549942649559,0.559379042690815,0.12816558861578267,0.22495472186287194
贵州,520000,2024,3860.0,2186.69,845.19,498.08,2.83,176152.4661,219.1283542864916,5.394210804799041,0.5665,0.1290362694300518,0.21896113989637306
辽宁,210000,2015,4338.0,2952.0,453.74,551.11,2.69,148063.7073,292.9819926236576,5.683518515883454,0.6804979253112033,0.12704241585984324,0.10459658828953435
辽宁,210000,2016,4327.0,2980.0,460.22,572.21,2.74,148063.7073,292.2390691753265,5.680988212074419,0.6886988675756875,0.13224173792465913,0.10636006470996072
辽宁,210000,2017,4312.0,2996.0,437.56,606.9,2.65,148063.7073,291.22599174578414,5.677527447262681,0.6948051948051948,0.14074675324675323,0.10147495361781077
辽宁,210000,2018,4291.0,3015.0,435.54,642.6,2.55,148063.7073,289.8076833444248,5.672662166714812,0.7026334187835004,0.1497553017944535,0.10150081566068515
辽宁,210000,2019,4277.0,3046.0,436.05,681.05,2.54,148063.7073,288.86214441018524,5.669405445856376,0.7121814355856909,0.15923544540565815,0.10195230301613281
辽宁,210000,2020,4255.0,3070.0,445.77,738.15,2.46,148063.7073,287.37629751352307,5.664266215880494,0.7215041128084606,0.17347826086956522,0.1047638072855464
辽宁,210000,2021,4229.0,3079.0,455.49,795.24,2.37,148063.7073,285.6202966356496,5.658158331573391,0.7280681012059589,0.1880444549538898,0.10770631354930243
辽宁,210000,2022,4197.0,3064.0,437.17,840.06,2.38,148063.7073,283.4590647859592,5.65058935845461,0.7300452704312604,0.20015725518227304,0.10416249702168216
辽宁,210000,2023,4182.0,3074.0,423.18,880.64,2.39,148063.7073,282.4459873564168,5.647021584227763,0.7350549976087997,0.21057867049258727,0.10119081779053085
辽宁,210000,2024,4155.0,3082.18,409.07,910.05,2.2,148063.7073,280.6224479832405,5.640567336956323,0.7418002406738868,0.21902527075812273,0.09845246690734055
重庆,500000,2015,3070.0,1887.0,472.4,432.09,2.74,82268.65,373.1676647179697,5.924703998342434,0.614657980456026,0.1407459283387622,0.15387622149837132
重庆,500000,2016,3110.0,1970.0,480.49,434.38,2.75,82268.65,378.02978412797586,5.937614788084347,0.6334405144694534,0.13967202572347268,0.1544983922829582
重庆,500000,2017,3144.0,2044.0,515.44,448.93,2.78,82268.65,382.1625856264811,5.948459404655825,0.6501272264631043,0.14278944020356235,0.16394402035623412
重庆,500000,2018,3163.0,2107.0,535.51,457.71,2.9,82268.65,384.472092346234,5.9544687969878725,0.6661397407524502,0.14470755611760985,0.16930445779323428
重庆,500000,2019,3188.0,2175.0,534.94,489.29,2.82,82268.65,387.5109169774878,5.962321269741049,0.6822459222082811,0.15347867001254706,0.16779799247176916
重庆,500000,2020,3209.0,2229.0,512.76,529.83,2.73,82268.65,390.063529667741,5.968870026755573,0.69460891243378,0.16510751012776567,0.15978809598005608
重庆,500000,2021,3212.0,2259.0,490.58,570.36,2.63,82268.65,390.42818862349145,5.969802072357142,0.7033001245330013,0.17757160647571607,0.152733499377335
重庆,500000,2022,3213.0,2280.0,468.08,588.05,2.6,82268.65,390.5497416087416,5.970112561277795,0.7096171802054155,0.18302209772798006,0.14568316215375038
重庆,500000,2023,3191.0,2287.0,446.08,603.35,2.63,82268.65,387.8755759332383,5.963259436240782,0.716703227828267,0.18907865872767157,0.13979316828580382
重庆,500000,2024,3190.0,2301.27,429.59,601.87,2.5,82268.65,387.7540229479881,5.962946811859162,0.7214012539184953,0.18867398119122258,0.13466771159874608
陕西,610000,2015,3846.0,2105.0,641.81,363.78,3.4,205794.5987,186.88537135061358,5.235832050012497,0.547321892875715,0.09458658346333852,0.1668772750910036
陕西,610000,2016,3874.0,2185.0,657.13,385.68,3.45,205794.5987,188.2459512772431,5.243047498573485,0.5640165203923593,0.09955601445534332,0.16962570986060918
陕西,610000,2017,3904.0,2267.0,684.99,403.18,3.35,205794.5987,189.7037154843462,5.250720995816397,0.5806864754098361,0.10327356557377049,0.17545850409836067
陕西,610000,2018,3931.0,2345.0,691.48,444.85,3.43,205794.5987,191.01570327073895,5.257577156551768,0.5965403205291274,0.11316458916306284,0.17590435003815824
陕西,610000,2019,3944.0,2417.0,674.51,454.15,3.35,205794.5987,191.64740109381694,5.260861580681753,0.6128296146044625,0.11514959432048681,0.17102180527383368
陕西,610000,2020,3955.0,2478.0,716.04,484.92,3.18,205794.5987,192.1819146364214,5.263632307854438,0.6265486725663717,0.12260935524652339,0.18104677623261692
陕西,610000,2021,3954.0,2516.0,757.57,515.69,3.0,205794.5987,192.13332249618463,5.263380740554874,0.6363176530096105,0.13042235710672737,0.1915958523014669
陕西,610000,2022,3956.0,2532.0,740.4,531.36,2.97,205794.5987,192.2305067766582,5.263883811883813,0.6400404448938322,0.13431749241658242,0.1871587462082912
陕西,610000,2023,3952.0,2575.0,727.67,539.32,3.03,205794.5987,192.0361382157111,5.262877416017786,0.6515688259109311,0.1364676113360324,0.18412702429149796
陕西,610000,2024,3953.0,2614.51,708.88,538.89,2.78,205794.5987,192.08473035594787,5.263129109953279,0.6613989375158108,0.13632431065013914,0.1793270933468252
青海,630000,2015,577.0,298.0,112.54,42.17,3.19,717480.5229,8.04203015390315,2.201883723737805,0.5164644714038128,0.07308492201039862,0.19504332755632584
青海,630000,2016,582.0,312.0,111.45,45.31,3.17,717480.5229,8.111718456796593,2.2095613275986707,0.5360824742268041,0.07785223367697595,0.19149484536082476
青海,630000,2017,586.0,325.0,107.68,49.57,3.11,717480.5229,8.167469099111345,2.2156612502580555,0.5546075085324232,0.08459044368600682,0.1837542662116041
青海,630000,2018,587.0,336.0,117.76,52.78,3.17,717480.5229,8.181406759690034,2.2171804346883746,0.5724020442930153,0.08991482112436117,0.20061328790459967
青海,630000,2019,590.0,347.0,122.29,56.08,3.07,717480.5229,8.2232197414261,2.2217241893439463,0.588135593220339,0.09505084745762711,0.207271186440678
青海,630000,2020,593.0,356.0,120.63,57.9,2.93,717480.5229,8.265032723162165,2.2262473916428145,0.6003372681281619,0.09763912310286678,0.20342327150084316
青海,630000,2021,594.0,362.0,118.97,59.72,2.78,717480.5229,8.278970383740852,2.227750590614774,0.6094276094276094,0.10053872053872054,0.2002861952861953
青海,630000,2022,595.0,366.0,116.59,62.04,2.85,717480.5229,8.29290804431954,2.229251533370702,0.6151260504201681,0.1042689075630252,0.19594957983193279
青海,630000,2023,594.0,373.0,114.08,62.38,2.97,717480.5229,8.278970383740852,2.227750590614774,0.6279461279461279,0.10501683501683502,0.19205387205387206
青海,630000,2024,593.0,378.69,112.53,63.1,2.72,717480.5229,8.265032723162165,2.2262473916428145,0.6386003372681281,0.10640809443507589,0.1897639123102867
黑龙江,230000,2015,3529.0,2134.0,383.07,376.15,2.71,452645.0167,77.96396447105744,4.368991602464835,0.6047038821195806,0.10658826863134031,0.1085491640691414
黑龙江,230000,2016,3463.0,2116.0,348.1,413.42,2.75,452645.0167,76.50586822421987,4.350353652514952,0.6110308980652613,0.11938203869477332,0.10051978053710656
黑龙江,230000,2017,3399.0,2104.0,338.04,412.56,2.61,452645.0167,75.09195671213494,4.331942565617216,0.6190055898793763,0.12137687555163283,0.09945278022947926
黑龙江,230000,2018,3327.0,2111.0,351.24,406.35,2.59,452645.0167,73.50130626103942,4.310816658937028,0.6345055605650737,0.1221370604147881,0.10557258791704238
黑龙江,230000,2019,3255.0,2103.0,324.64,448.52,2.47,452645.0167,71.91065580994389,4.289234798565212,0.6460829493087558,0.13779416282642087,0.0997357910906298
黑龙江,230000,2020,3171.0,2080.0,315.08,486.41,2.4,452645.0167,70.05489695033243,4.263452774762461,0.6559444970040996,0.1533932513402712,0.09936297697887102
黑龙江,230000,2021,3125.0,2053.0,305.53,524.3,2.32,452645.0167,69.0386480510214,4.249047204704533,0.65696,0.16777599999999998,0.0977696
黑龙江,230000,2022,3099.0,2052.0,287.11,552.26,2.22,452645.0167,68.46424649923689,4.240812181341776,0.6621490803484995,0.17820587286221362,0.09264601484349791
黑龙江,230000,2023,3062.0,2055.0,270.01,576.01,2.28,452645.0167,67.6468289063128,4.228974938959365,0.6711299804049641,0.18811561071195296,0.08818092749836708
黑龙江,230000,2024,3029.0,2061.23,254.0,587.96,2.03,452645.0167,66.91778078289401,4.218297867483626,0.6804985143611754,0.19411026741498846,0.08385605810498514
