省份,年份,行政区划代码,猪肉（千克/人）（折算）,牛肉（千克/人）（折算）,羊肉（千克/人）（折算）,禽肉（千克/人）（折算）,水产品（千克/人）（折算）,蛋类（千克/人）（折算）,奶类（千克/人）（折算）,饲料粮折算值（千克/人）
上海,2000,310000,,,,,,,,
上海,2001,310000,,,,,,,,
上海,2002,310000,,,,,,,,
上海,2003,310000,,,,,,,,
上海,2004,310000,,,,,,,,
上海,2005,310000,,,,,,,,
上海,2006,310000,,,,,,,,
上海,2007,310000,,,,,,,,
上海,2008,310000,,,,,,,,
上海,2009,310000,,,,,,,,
上海,2010,310000,,,,,,,,
上海,2011,310000,,,,,,,,
上海,2012,310000,,,,,,,,
上海,2013,310000,,,,,,,,
上海,2014,310000,,,,,,,,
上海,2015,310000,67.98,5.2,1.0,22.99,20.16,20.8,10.85,148.98
上海,2016,310000,66.66,5.6,1.1,25.27,20.560000000000002,22.2,10.5,151.89
上海,2017,310000,64.35,5.8,0.9,24.32,20.080000000000002,21.4,10.4,147.25
上海,2018,310000,73.91999999999999,6.0,1.1,23.37,19.6,24.0,10.4,158.39
上海,2019,310000,65.34,7.0,1.0,24.889999999999997,21.76,24.6,10.4,154.99
上海,2020,310000,63.03,8.4,1.0,26.599999999999998,21.680000000000003,27.8,11.55,160.06000000000003
上海,2021,310000,76.23,8.8,1.2,26.979999999999997,22.32,28.0,12.0,175.53
上海,2022,310000,76.89,8.6,1.1,23.939999999999998,19.680000000000003,28.6,10.3,169.10999999999999
上海,2023,310000,79.53,9.8,1.3,24.13,19.6,30.0,10.95,175.30999999999997
上海,2024,310000,76.89,10.8,1.5,24.7,19.12,29.0,10.25,172.26
云南,2000,530000,,,,,,,,
云南,2001,530000,,,,,,,,
云南,2002,530000,,,,,,,,
云南,2003,530000,,,,,,,,
云南,2004,530000,,,,,,,,
云南,2005,530000,,,,,,,,
云南,2006,530000,,,,,,,,
云南,2007,530000,,,,,,,,
云南,2008,530000,,,,,,,,
云南,2009,530000,,,,,,,,
云南,2010,530000,,,,,,,,
云南,2011,530000,,,,,,,,
云南,2012,530000,,,,,,,,
云南,2013,530000,,,,,,,,
云南,2014,530000,,,,,,,,
云南,2015,530000,85.46999999999998,3.2,0.4,14.06,2.9600000000000004,10.0,2.75,118.83999999999999
云南,2016,530000,86.46,3.6,0.5,15.01,3.12,9.6,2.65,120.94
云南,2017,530000,88.77,3.4,0.5,14.44,2.9600000000000004,9.0,2.65,121.72
云南,2018,530000,90.75,4.0,0.4,12.73,2.8000000000000003,8.6,2.55,121.83
云南,2019,530000,91.41,4.2,0.4,15.01,3.6,9.0,2.9,126.52000000000001
云南,2020,530000,81.50999999999999,3.4,0.3,18.24,3.84,10.8,3.1,121.18999999999998
云南,2021,530000,101.64,3.8,0.4,19.38,4.16,12.0,3.6,144.98
云南,2022,530000,110.21999999999998,4.0,0.4,19.0,4.4,12.4,3.3,153.72000000000003
云南,2023,530000,116.82,4.6,0.5,21.279999999999998,5.04,15.6,4.0,167.83999999999997
云南,2024,530000,113.52,6.0,0.6,21.279999999999998,4.88,12.0,3.85,162.12999999999997
内蒙古,2000,150000,,,,,,,,
内蒙古,2001,150000,,,,,,,,
内蒙古,2002,150000,,,,,,,,
内蒙古,2003,150000,,,,,,,,
内蒙古,2004,150000,,,,,,,,
内蒙古,2005,150000,,,,,,,,
内蒙古,2006,150000,,,,,,,,
内蒙古,2007,150000,,,,,,,,
内蒙古,2008,150000,,,,,,,,
内蒙古,2009,150000,,,,,,,,
内蒙古,2010,150000,,,,,,,,
内蒙古,2011,150000,,,,,,,,
内蒙古,2012,150000,,,,,,,,
内蒙古,2013,150000,,,,,,,,
内蒙古,2014,150000,,,,,,,,
内蒙古,2015,150000,55.76999999999999,7.6,8.6,9.69,3.9200000000000004,18.6,10.95,115.12999999999998
内蒙古,2016,150000,54.449999999999996,8.6,9.9,11.21,4.16,18.6,11.35,118.26999999999998
内蒙古,2017,150000,56.099999999999994,8.6,8.9,10.069999999999999,3.9200000000000004,18.2,11.35,117.13999999999999
内蒙古,2018,150000,66.0,6.6,7.5,10.639999999999999,4.16,18.4,11.1,124.39999999999998
内蒙古,2019,150000,64.35,7.0,6.4,12.35,5.36,22.0,12.0,129.45999999999998
内蒙古,2020,150000,60.39,7.8,6.4,15.2,5.2,28.6,12.4,135.99
内蒙古,2021,150000,88.44,8.2,7.1,14.06,5.120000000000001,27.4,11.9,162.22
内蒙古,2022,150000,82.16999999999999,8.0,6.6,12.92,5.28,28.4,10.45,153.81999999999996
内蒙古,2023,150000,90.41999999999999,8.6,7.4,15.770000000000001,6.4,33.0,12.7,174.28999999999996
内蒙古,2024,150000,84.14999999999999,12.2,8.4,17.479999999999997,6.4,33.8,14.65,177.08
北京,2000,110000,,,,,,,,
北京,2001,110000,,,,,,,,
北京,2002,110000,,,,,,,,
北京,2003,110000,,,,,,,,
北京,2004,110000,,,,,,,,
北京,2005,110000,,,,,,,,
北京,2006,110000,,,,,,,,
北京,2007,110000,,,,,,,,
北京,2008,110000,,,,,,,,
北京,2009,110000,,,,,,,,
北京,2010,110000,,,,,,,,
北京,2011,110000,,,,,,,,
北京,2012,110000,,,,,,,,
北京,2013,110000,,,,,,,,
北京,2014,110000,,,,,,,,
北京,2015,110000,46.85999999999999,6.6,3.0,11.399999999999999,7.68,27.4,13.45,116.39
北京,2016,110000,43.23,5.8,3.1,10.83,6.800000000000001,24.0,11.6,105.35999999999999
北京,2017,110000,41.91,5.8,2.8,10.45,6.88,24.2,11.25,103.28999999999999
北京,2018,110000,53.79,6.6,2.7,11.02,7.120000000000001,29.2,13.0,123.43
北京,2019,110000,48.18,7.2,2.6,12.35,8.08,29.0,14.45,121.86
北京,2020,110000,50.49,7.8,3.1,15.01,7.6000000000000005,33.8,15.05,132.85
北京,2021,110000,61.05,8.0,3.4,14.44,8.0,32.4,14.9,142.19
北京,2022,110000,57.75,7.6,2.9,13.11,7.5200000000000005,32.6,11.0,132.48
北京,2023,110000,60.059999999999995,7.6,3.4,13.87,8.16,34.8,10.35,138.24
北京,2024,110000,51.809999999999995,8.2,3.3,13.11,7.28,31.2,8.55,123.44999999999999
吉林,2000,220000,,,,,,,,
吉林,2001,220000,,,,,,,,
吉林,2002,220000,,,,,,,,
吉林,2003,220000,,,,,,,,
吉林,2004,220000,,,,,,,,
吉林,2005,220000,,,,,,,,
吉林,2006,220000,,,,,,,,
吉林,2007,220000,,,,,,,,
吉林,2008,220000,,,,,,,,
吉林,2009,220000,,,,,,,,
吉林,2010,220000,,,,,,,,
吉林,2011,220000,,,,,,,,
吉林,2012,220000,,,,,,,,
吉林,2013,220000,,,,,,,,
吉林,2014,220000,,,,,,,,
吉林,2015,220000,49.17,3.4,0.7,7.22,5.6000000000000005,19.4,4.75,90.24000000000001
吉林,2016,220000,46.85999999999999,4.2,1.0,9.12,5.920000000000001,20.6,4.75,92.44999999999999
吉林,2017,220000,51.809999999999995,4.4,0.8,9.5,5.84,21.8,4.85,98.99999999999999
吉林,2018,220000,62.36999999999999,4.6,0.7,9.31,6.4,20.2,5.0,108.58
吉林,2019,220000,55.10999999999999,5.0,0.6,10.639999999999999,7.920000000000001,22.2,5.4,106.87
吉林,2020,220000,46.85999999999999,5.4,0.8,13.489999999999998,8.16,28.0,5.8,108.50999999999998
吉林,2021,220000,75.24,5.8,0.8,13.68,7.920000000000001,28.8,5.65,137.89
吉林,2022,220000,76.23,5.8,0.8,11.399999999999999,7.76,28.8,4.5,135.29
吉林,2023,220000,81.50999999999999,6.4,1.1,11.399999999999999,8.08,30.2,4.2,142.89
吉林,2024,220000,73.25999999999999,8.8,1.2,11.78,8.16,32.4,3.9,139.5
四川,2000,510000,,,,,,,,
四川,2001,510000,,,,,,,,
四川,2002,510000,,,,,,,,
四川,2003,510000,,,,,,,,
四川,2004,510000,,,,,,,,
四川,2005,510000,,,,,,,,
四川,2006,510000,,,,,,,,
四川,2007,510000,,,,,,,,
四川,2008,510000,,,,,,,,
四川,2009,510000,,,,,,,,
四川,2010,510000,,,,,,,,
四川,2011,510000,,,,,,,,
四川,2012,510000,,,,,,,,
四川,2013,510000,,,,,,,,
四川,2014,510000,112.431,2.38,0.3,19.874000000000002,5.152000000000001,16.36,5.615,162.11200000000002
四川,2015,510000,115.236,2.34,0.38,20.253999999999998,5.44,17.46,5.345,166.455
四川,2016,510000,108.867,2.54,0.6,21.47,5.816,17.22,5.53,162.043
四川,2017,510000,119.32799999999999,3.08,0.53,20.804999999999996,6.104,17.78,6.14,173.767
四川,2018,510000,128.238,3.46,0.48,19.854999999999997,5.760000000000001,16.86,6.24,180.89299999999997
四川,2019,510000,110.21999999999998,3.8,0.4,25.08,7.5200000000000005,18.0,5.8,170.82000000000002
四川,2020,510000,92.39999999999999,3.8,0.4,27.549999999999997,7.359999999999999,19.8,5.0,156.31
四川,2021,510000,119.78999999999998,3.8,0.5,24.889999999999997,7.920000000000001,20.0,5.75,182.64999999999995
四川,2022,510000,126.38999999999999,3.8,0.5,23.939999999999998,7.840000000000001,19.6,5.95,188.01999999999998
四川,2023,510000,140.25,5.2,0.5,23.56,8.08,22.8,6.4,206.79000000000002
四川,2024,510000,132.32999999999998,5.4,0.6,22.61,7.840000000000001,19.4,6.15,194.33
天津,2000,120000,,,,,,,,
天津,2001,120000,,,,,,,,
天津,2002,120000,,,,,,,,
天津,2003,120000,,,,,,,,
天津,2004,120000,,,,,,,,
天津,2005,120000,,,,,,,,
天津,2006,120000,,,,,,,,
天津,2007,120000,,,,,,,,
天津,2008,120000,,,,,,,,
天津,2009,120000,,,,,,,,
天津,2010,120000,,,,,,,,
天津,2011,120000,,,,,,,,
天津,2012,120000,,,,,,,,
天津,2013,120000,,,,,,,,
天津,2014,120000,,,,,,,,
天津,2015,120000,52.14,5.2,3.0,9.31,13.280000000000001,33.6,8.55,125.08
天津,2016,120000,53.13,5.6,3.3,10.639999999999999,13.52,35.6,8.5,130.29
天津,2017,120000,52.14,6.0,3.2,10.639999999999999,13.52,36.6,8.6,130.7
天津,2018,120000,55.44,5.8,2.7,10.83,13.36,35.4,9.3,132.83
天津,2019,120000,49.5,5.6,2.6,11.589999999999998,13.92,37.0,8.5,128.71
天津,2020,120000,46.529999999999994,5.8,2.7,13.299999999999999,13.440000000000001,43.0,8.4,133.17
天津,2021,120000,58.08,5.2,2.7,12.73,13.840000000000002,40.0,8.6,141.15
天津,2022,120000,60.39,5.6,2.96,12.35,13.76,40.4,7.35,142.80999999999997
天津,2023,120000,60.39,5.8,3.1,12.54,13.36,39.8,7.6,142.58999999999997
天津,2024,120000,57.089999999999996,7.0,3.3,12.54,11.920000000000002,39.2,6.9,137.95000000000002
宁夏,2000,640000,,,,,,,,
宁夏,2001,640000,,,,,,,,
宁夏,2002,640000,,,,,,,,
宁夏,2003,640000,,,,,,,,
宁夏,2004,640000,,,,,,,,
宁夏,2005,640000,,,,,,,,
宁夏,2006,640000,,,,,,,,
宁夏,2007,640000,,,,,,,,
宁夏,2008,640000,,,,,,,,
宁夏,2009,640000,,,,,,,,
宁夏,2010,640000,,,,,,,,
宁夏,2011,640000,,,,,,,,
宁夏,2012,640000,,,,,,,,
宁夏,2013,640000,,,,,,,,
宁夏,2014,640000,,,,,,,,
宁夏,2015,640000,23.429999999999996,7.0,5.4,11.399999999999999,2.08,12.0,7.75,69.06
宁夏,2016,640000,22.11,7.0,5.3,11.589999999999998,2.2399999999999998,11.0,7.2,66.44
宁夏,2017,640000,20.79,7.2,4.7,11.399999999999999,2.08,11.0,6.7,63.87
宁夏,2018,640000,23.099999999999998,8.2,4.1,12.92,2.0,11.8,6.75,68.87
宁夏,2019,640000,20.79,9.6,4.1,14.629999999999999,2.4000000000000004,12.4,7.3,71.22
宁夏,2020,640000,19.139999999999997,9.8,4.4,15.959999999999999,2.32,14.8,6.75,73.17
宁夏,2021,640000,26.4,10.0,5.0,17.479999999999997,2.2399999999999998,15.2,7.7,84.02
宁夏,2022,640000,28.709999999999997,12.0,5.9,16.529999999999998,2.4000000000000004,16.8,7.4,89.74
宁夏,2023,640000,26.07,13.0,5.5,15.770000000000001,2.5600000000000005,15.2,7.25,85.35000000000001
宁夏,2024,640000,24.09,16.8,5.8,15.959999999999999,2.4800000000000004,15.0,7.3,87.42999999999999
安徽,2000,340000,,,,,,,,
安徽,2001,340000,,,,,,,,
安徽,2002,340000,,,,,,,,
安徽,2003,340000,,,,,,,,
安徽,2004,340000,,,,,,,,
安徽,2005,340000,,,,,,,,
安徽,2006,340000,,,,,,,,
安徽,2007,340000,,,,,,,,
安徽,2008,340000,,,,,,,,
安徽,2009,340000,,,,,,,,
安徽,2010,340000,,,,,,,,
安徽,2011,340000,,,,,,,,
安徽,2012,340000,,,,,,,,
安徽,2013,340000,,,,,,,,
安徽,2014,340000,,,,,,,,
安徽,2015,340000,59.730000000000004,3.0,0.7,20.52,8.64,21.0,5.35,118.94
安徽,2016,340000,58.74,3.6,1.0,22.61,8.959999999999999,22.6,5.25,122.75999999999999
安徽,2017,340000,60.71999999999999,3.8,0.9,19.38,8.64,23.2,5.5,122.14
安徽,2018,340000,72.93,4.4,0.9,22.799999999999997,9.600000000000001,22.6,5.85,139.08
安徽,2019,340000,67.98,4.6,0.9,27.929999999999996,12.16,25.0,6.0,144.57
安徽,2020,340000,59.730000000000004,4.6,0.9,29.83,11.68,28.4,5.65,140.79000000000002
安徽,2021,340000,79.19999999999999,5.2,1.1,29.45,12.08,27.6,6.65,161.28
安徽,2022,340000,86.78999999999999,5.4,1.0,28.5,11.280000000000001,27.6,5.75,166.32
安徽,2023,340000,102.63,6.4,1.4,32.49,12.8,34.2,6.65,196.57000000000002
安徽,2024,340000,99.99,8.4,1.6,33.82,13.76,31.2,6.6,195.36999999999998
山东,2000,370000,,,,,,,,
山东,2001,370000,,,,,,,,
山东,2002,370000,,,,,,,,
山东,2003,370000,,,,,,,,
山东,2004,370000,,,,,,,,
山东,2005,370000,,,,,,,,
山东,2006,370000,,,,,,,,
山东,2007,370000,,,,,,,,
山东,2008,370000,,,,,,,,
山东,2009,370000,,,,,,,,
山东,2010,370000,,,,,,,,
山东,2011,370000,,,,,,,,
山东,2012,370000,,,,,,,,
山东,2013,370000,42.669,1.86,0.7,7.277,8.4,27.2,8.62,96.726
山东,2014,370000,43.559999999999995,2.0,0.8,10.639999999999999,8.959999999999999,28.2,9.8,103.96
山东,2015,370000,42.57,2.0,1.0,11.21,8.959999999999999,31.4,9.1,106.23999999999998
山东,2016,370000,42.24,2.2,1.3,11.969999999999999,9.36,33.4,8.85,109.32
山东,2017,370000,42.9,2.4,1.1,11.21,9.28,34.4,8.65,109.94
山东,2018,370000,52.47,2.4,1.0,11.399999999999999,9.68,32.0,8.2,117.14999999999999
山东,2019,370000,48.18,2.2,1.0,12.35,11.040000000000001,35.0,8.45,118.22000000000001
山东,2020,370000,40.92,2.2,1.0,15.579999999999998,12.56,40.2,8.8,121.26
山东,2021,370000,67.32,2.2,1.1,17.67,9.520000000000001,42.6,8.55,148.96
山东,2022,370000,68.96999999999998,2.2,1.2,15.389999999999999,10.08,44.8,7.0,149.64
山东,2023,370000,84.48,3.8,1.9,18.05,12.08,50.2,7.9,178.41
山东,2024,370000,72.93,5.0,2.1,18.81,10.72,49.4,7.5,166.46
山西,2000,140000,,,,,,,,
山西,2001,140000,,,,,,,,
山西,2002,140000,,,,,,,,
山西,2003,140000,,,,,,,,
山西,2004,140000,,,,,,,,
山西,2005,140000,,,,,,,,
山西,2006,140000,,,,,,,,
山西,2007,140000,,,,,,,,
山西,2008,140000,,,,,,,,
山西,2009,140000,,,,,,,,
山西,2010,140000,,,,,,,,
山西,2011,140000,,,,,,,,
山西,2012,140000,,,,,,,,
山西,2013,140000,,,,,,,,
山西,2014,140000,,,,,,,,
山西,2015,140000,31.349999999999998,1.2,1.2,3.9899999999999998,2.4000000000000004,20.6,7.35,68.09
山西,2016,140000,29.7,1.4,1.5,3.9899999999999998,1.7600000000000002,20.0,7.05,65.39999999999999
山西,2017,140000,31.02,1.6,1.3,4.369999999999999,1.92,21.8,7.5,69.50999999999999
山西,2018,140000,35.64,1.4,1.1,4.56,2.08,22.6,7.85,75.22999999999999
山西,2019,140000,33.66,1.4,1.1,5.51,2.4000000000000004,26.8,8.4,79.27
山西,2020,140000,32.01,1.6,1.3,7.789999999999999,2.4800000000000004,32.6,8.95,86.73
山西,2021,140000,41.91,1.6,1.5,7.6,2.32,34.2,9.6,98.72999999999999
山西,2022,140000,48.18,1.6,1.3,7.03,2.4800000000000004,33.0,8.65,102.24000000000001
山西,2023,140000,47.19,2.0,1.4,7.6,2.8800000000000003,30.0,8.15,99.22
山西,2024,140000,42.9,2.4,1.4,7.6,2.8000000000000003,30.2,8.1,95.39999999999999
广东,2000,440000,,,,,,,,
广东,2001,440000,,,,,,,,
广东,2002,440000,,,,,,,,
广东,2003,440000,,,,,,,,
广东,2004,440000,,,,,,,,
广东,2005,440000,,,,,,,,
广东,2006,440000,,,,,,,,
广东,2007,440000,,,,,,,,
广东,2008,440000,,,,,,,,
广东,2009,440000,,,,,,,,
广东,2010,440000,,,,,,,,
广东,2011,440000,,,,,,,,
广东,2012,440000,,,,,,,,
广东,2013,440000,91.806,,,,,,,
广东,2014,440000,95.832,,,,,,,
广东,2015,440000,98.00999999999999,3.6,0.6,35.34,17.6,13.8,4.15,173.1
广东,2016,440000,96.03,3.6,0.8,38.19,17.6,14.0,3.75,173.97
广东,2017,440000,96.03,4.0,0.7,39.14,18.240000000000002,14.6,3.85,176.56
广东,2018,440000,112.19999999999999,4.4,0.7,40.09,17.6,14.8,4.3,194.09
广东,2019,440000,101.30999999999999,6.2,0.7,49.209999999999994,22.880000000000003,16.8,4.4,201.5
广东,2020,440000,85.8,6.4,0.6,59.09,24.0,19.8,4.8,200.49
广东,2021,440000,97.67999999999999,6.0,0.7,46.74,22.0,16.8,6.45,196.37
广东,2022,440000,112.86,6.8,0.7,46.17,19.52,17.6,4.65,208.3
广东,2023,440000,134.31,8.4,0.9,47.309999999999995,22.16,20.0,4.8,237.88000000000002
广东,2024,440000,126.71999999999998,10.0,0.9,47.5,22.0,20.0,4.3,231.42
广西,2000,450000,,,,,,,,
广西,2001,450000,,,,,,,,
广西,2002,450000,,,,,,,,
广西,2003,450000,,,,,,,,
广西,2004,450000,,,,,,,,
广西,2005,450000,,,,,,,,
广西,2006,450000,,,,,,,,
广西,2007,450000,,,,,,,,
广西,2008,450000,,,,,,,,
广西,2009,450000,,,,,,,,
广西,2010,450000,,,,,,,,
广西,2011,450000,,,,,,,,
广西,2012,450000,,,,,,,,
广西,2013,450000,,,,,,,,
广西,2014,450000,,,,,,,,
广西,2015,450000,92.07,2.6,0.4,35.34,8.16,11.4,2.85,152.82
广西,2016,450000,89.1,3.2,0.7,37.05,8.4,10.6,2.8,151.85000000000002
广西,2017,450000,91.08,3.6,0.8,37.24,8.48,11.2,2.8,155.2
广西,2018,450000,103.28999999999999,3.8,0.7,35.15,7.920000000000001,11.0,2.8,164.66
广西,2019,450000,82.5,4.0,0.6,47.12,10.72,12.6,2.5,160.04
广西,2020,450000,68.30999999999999,3.8,0.5,58.33,10.8,15.2,2.8,159.74
广西,2021,450000,100.32,3.6,0.5,49.59,10.240000000000002,12.8,3.15,180.20000000000002
广西,2022,450000,108.89999999999999,3.4,0.5,43.51,9.600000000000001,12.4,2.5,180.81
广西,2023,450000,115.16999999999999,4.6,0.6,41.23,9.920000000000002,13.4,3.2,188.11999999999998
广西,2024,450000,112.19999999999999,6.0,0.7,42.37,10.32,13.0,2.95,187.53999999999996
新疆,2000,650000,,,,,,,,
新疆,2001,650000,,,,,,,,
新疆,2002,650000,,,,,,,,
新疆,2003,650000,,,,,,,,
新疆,2004,650000,,,,,,,,
新疆,2005,650000,,,,,,,,
新疆,2006,650000,,,,,,,,
新疆,2007,650000,,,,,,,,
新疆,2008,650000,,,,,,,,
新疆,2009,650000,,,,,,,,
新疆,2010,650000,,,,,,,,
新疆,2011,650000,,,,,,,,
新疆,2012,650000,,,,,,,,
新疆,2013,650000,,,,,,,,
新疆,2014,650000,,,,,,,,
新疆,2015,650000,13.86,9.2,13.2,9.879999999999999,2.5600000000000005,13.6,9.75,72.05000000000001
新疆,2016,650000,12.54,9.6,13.1,11.02,2.8000000000000003,13.2,10.25,72.51
新疆,2017,650000,12.87,9.2,11.7,11.399999999999999,2.64,13.0,10.5,71.31
新疆,2018,650000,12.209999999999999,10.2,14.0,9.31,2.32,11.2,9.95,69.19
新疆,2019,650000,10.23,10.0,12.2,10.069999999999999,2.5600000000000005,12.8,10.55,68.41
新疆,2020,650000,11.219999999999999,10.6,12.7,13.11,2.4800000000000004,17.0,9.35,76.46
新疆,2021,650000,16.5,13.0,13.3,12.35,2.32,16.8,9.2,83.47
新疆,2022,650000,16.17,12.2,13.9,11.399999999999999,2.4800000000000004,18.0,8.6,82.75
新疆,2023,650000,13.529999999999998,13.8,16.6,9.879999999999999,2.32,17.2,9.8,83.13
新疆,2024,650000,11.879999999999999,16.0,16.3,10.45,2.2399999999999998,19.2,12.05,88.11999999999999
江苏,2000,320000,,,,,,,,
江苏,2001,320000,,,,,,,,
江苏,2002,320000,,,,,,,,
江苏,2003,320000,,,,,,,,
江苏,2004,320000,,,,,,,,
江苏,2005,320000,,,,,,,,
江苏,2006,320000,,,,,,,,
江苏,2007,320000,,,,,,,,
江苏,2008,320000,,,,,,,,
江苏,2009,320000,,,,,,,,
江苏,2010,320000,,,,,,,,
江苏,2011,320000,,,,,,,,
江苏,2012,320000,,,,,,,,
江苏,2013,320000,64.152,3.06,0.67,13.812999999999999,13.512,19.08,8.29,122.577
江苏,2014,320000,64.317,3.1,0.69,17.993000000000002,13.632,18.94,8.52,127.192
江苏,2015,320000,64.68,3.4,0.8,18.81,13.92,20.4,8.2,130.21
江苏,2016,320000,63.03,3.6,1.0,21.09,14.32,20.6,7.9,131.54
江苏,2017,320000,64.35,3.8,0.8,19.57,14.480000000000002,21.4,7.8,132.2
江苏,2018,320000,69.96,4.2,0.9,20.33,14.240000000000002,21.0,7.55,138.18
江苏,2019,320000,58.74,4.6,0.8,23.56,15.680000000000001,22.6,7.35,133.33
江苏,2020,320000,59.730000000000004,4.4,0.8,25.08,15.600000000000001,26.4,7.7,139.71
江苏,2021,320000,82.83,5.2,1.1,26.599999999999998,17.680000000000003,28.2,7.5,169.10999999999999
江苏,2022,320000,89.43,5.0,1.1,26.979999999999997,18.400000000000002,30.4,7.2,178.51
江苏,2023,320000,101.96999999999998,8.0,1.4,30.21,20.400000000000002,34.8,8.4,205.17999999999998
江苏,2024,320000,97.67999999999999,9.2,1.4,31.540000000000003,21.44,34.8,7.9,203.96
江西,2000,360000,,,,,,,,
江西,2001,360000,,,,,,,,
江西,2002,360000,,,,,,,,
江西,2003,360000,,,,,,,,
江西,2004,360000,,,,,,,,
江西,2005,360000,,,,,,,,
江西,2006,360000,,,,,,,,
江西,2007,360000,,,,,,,,
江西,2008,360000,,,,,,,,
江西,2009,360000,,,,,,,,
江西,2010,360000,,,,,,,,
江西,2011,360000,,,,,,,,
江西,2012,360000,,,,,,,,
江西,2013,360000,,,,,,,,
江西,2014,360000,,,,,,,,
江西,2015,360000,67.98,3.2,0.2,15.389999999999999,9.76,15.0,5.6,117.13000000000001
江西,2016,360000,65.66999999999999,3.6,0.3,16.15,9.76,13.6,5.05,114.12999999999997
江西,2017,360000,67.98,4.2,0.4,15.959999999999999,10.08,14.0,5.55,118.17
江西,2018,360000,84.14999999999999,4.4,0.4,16.529999999999998,10.16,14.4,5.4,135.44
江西,2019,360000,77.55,5.0,0.3,20.139999999999997,12.4,15.4,5.5,136.29
江西,2020,360000,82.16999999999999,5.2,0.3,24.32,12.56,19.0,5.6,149.14999999999998
江西,2021,360000,103.28999999999999,6.0,0.5,26.029999999999998,14.719999999999999,22.4,6.2,179.14
江西,2022,360000,109.56,6.2,0.5,25.46,14.56,22.2,5.2,183.67999999999998
江西,2023,360000,130.01999999999998,8.2,0.7,27.74,15.680000000000001,26.2,5.8,214.33999999999997
江西,2024,360000,120.78,9.8,0.8,29.639999999999997,15.440000000000001,21.4,5.3,203.16000000000003
河北,2000,130000,,,,,,,,
河北,2001,130000,,,,,,,,
河北,2002,130000,,,,,,,,
河北,2003,130000,,,,,,,,
河北,2004,130000,,,,,,,,
河北,2005,130000,,,,,,,,
河北,2006,130000,,,,,,,,
河北,2007,130000,,,,,,,,
河北,2008,130000,,,,,,,,
河北,2009,130000,,,,,,,,
河北,2010,130000,,,,,,,,
河北,2011,130000,,,,,,,,
河北,2012,130000,,,,,,,,
河北,2013,130000,41.052,1.96,0.81,3.8189999999999995,4.184,22.54,7.015,81.38000000000001
河北,2014,130000,41.943,2.1,0.9,7.162999999999999,4.104,21.16,7.045,84.41499999999999
河北,2015,130000,40.92,2.4,1.3,7.6,4.24,25.0,6.95,88.41000000000001
河北,2016,130000,39.93,2.8,1.5,8.36,4.800000000000001,26.6,7.6,91.59
河北,2017,130000,40.59,2.8,1.4,7.789999999999999,4.5600000000000005,28.0,7.2,92.34
河北,2018,130000,52.14,3.0,1.4,9.31,4.720000000000001,27.4,7.2,105.17
河北,2019,130000,45.209999999999994,3.0,1.3,10.26,5.920000000000001,31.4,7.25,104.33999999999997
河北,2020,130000,42.57,3.4,1.6,13.68,6.08,37.4,8.25,112.97999999999999
河北,2021,130000,66.0,3.0,1.6,15.389999999999999,6.720000000000001,40.4,8.8,141.91
河北,2022,130000,71.28,3.0,1.6,15.389999999999999,7.040000000000001,44.2,7.9,150.41
河北,2023,130000,80.85,4.0,2.3,17.29,8.16,46.8,8.9,168.29999999999998
河北,2024,130000,64.68,5.6,2.4,16.15,7.040000000000001,39.2,7.75,142.82000000000002
河南,2000,410000,,,,,,,,
河南,2001,410000,,,,,,,,
河南,2002,410000,,,,,,,,
河南,2003,410000,,,,,,,,
河南,2004,410000,,,,,,,,
河南,2005,410000,,,,,,,,
河南,2006,410000,,,,,,,,
河南,2007,410000,,,,,,,,
河南,2008,410000,,,,,,,,
河南,2009,410000,,,,,,,,
河南,2010,410000,,,,,,,,
河南,2011,410000,,,,,,,,
河南,2012,410000,,,,,,,,
河南,2013,410000,,,,,,,,
河南,2014,410000,,,,,,,,
河南,2015,410000,37.29,2.4,0.9,9.69,2.9600000000000004,24.6,5.45,83.29
河南,2016,410000,35.64,2.4,1.1,10.83,3.28,25.6,5.5,84.35
河南,2017,410000,35.97,2.4,1.1,10.069999999999999,3.04,28.6,5.75,86.93
河南,2018,410000,42.57,2.4,1.1,11.399999999999999,3.2,25.6,6.25,92.52000000000001
河南,2019,410000,39.599999999999994,2.8,1.0,13.11,3.7600000000000002,29.2,6.55,96.01999999999998
河南,2020,410000,33.99,3.0,1.1,16.529999999999998,4.16,37.8,6.75,103.33
河南,2021,410000,60.059999999999995,3.8,1.4,18.05,4.720000000000001,40.0,8.0,136.02999999999997
河南,2022,410000,64.68,3.4,1.3,16.529999999999998,4.5600000000000005,40.2,6.55,137.22000000000003
河南,2023,410000,81.84,4.2,1.6,20.139999999999997,6.16,48.6,6.7,169.23999999999998
河南,2024,410000,71.61,6.4,2.0,19.759999999999998,5.760000000000001,45.8,6.35,157.68
浙江,2000,330000,,,,,,,,
浙江,2001,330000,,,,,,,,
浙江,2002,330000,,,,,,,,
浙江,2003,330000,,,,,,,,
浙江,2004,330000,,,,,,,,
浙江,2005,330000,,,,,,,,
浙江,2006,330000,,,,,,,,
浙江,2007,330000,,,,,,,,
浙江,2008,330000,,,,,,,,
浙江,2009,330000,,,,,,,,
浙江,2010,330000,,,,,,,,
浙江,2011,330000,,,,,,,,
浙江,2012,330000,,,,,,,,
浙江,2013,330000,,,,,,,,
浙江,2014,330000,,,,,,,,
浙江,2015,330000,72.27,3.4,0.5,18.62,19.44,15.2,6.25,135.68
浙江,2016,330000,70.95,3.6,0.7,20.139999999999997,18.64,16.2,6.0,136.23
浙江,2017,330000,72.27,4.0,0.6,20.139999999999997,18.96,17.0,6.0,138.97
浙江,2018,330000,78.21,5.0,0.7,20.33,18.32,16.8,6.6,145.96
浙江,2019,330000,72.6,5.4,0.7,22.61,20.72,18.4,6.75,147.18
浙江,2020,330000,66.0,5.8,0.6,24.7,20.72,21.2,7.35,146.36999999999998
浙江,2021,330000,97.02,7.0,0.8,27.17,24.400000000000002,24.8,8.45,189.64000000000001
浙江,2022,330000,104.60999999999999,7.4,0.9,26.22,24.400000000000002,24.8,7.05,195.38000000000002
浙江,2023,330000,105.27,9.4,1.1,25.08,23.680000000000003,26.4,7.15,198.08
浙江,2024,330000,102.3,11.4,1.4,26.79,25.680000000000003,26.8,6.8,201.17000000000004
海南,2000,450000,,,,,,,,
海南,2001,450000,,,,,,,,
海南,2002,450000,,,,,,,,
海南,2003,450000,,,,,,,,
海南,2004,450000,,,,,,,,
海南,2005,450000,,,,,,,,
海南,2006,450000,,,,,,,,
海南,2007,450000,,,,,,,,
海南,2008,450000,,,,,,,,
海南,2009,450000,,,,,,,,
海南,2010,450000,,,,,,,,
海南,2011,450000,,,,,,,,
海南,2012,450000,,,,,,,,
海南,2013,450000,79.53,,,36.650999999999996,17.248,,,
海南,2014,450000,78.50699999999999,,,35.358999999999995,17.376,8.36,1.19,
海南,2015,450000,83.22599999999998,3.0,0.6,35.929,21.44,9.6,2.15,155.945
海南,2016,450000,89.03399999999999,3.8,0.7,40.85,21.36,9.56,2.2,167.50399999999996
海南,2017,450000,82.236,3.6,0.8,38.778999999999996,20.480000000000004,9.0,2.1,156.99499999999998
海南,2018,450000,96.49199999999999,42.0,1.0,35.644,21.6,9.6,2.35,208.68599999999998
海南,2019,450000,66.99,2.8,0.9,46.93,25.28,9.8,2.25,154.95000000000002
海南,2020,450000,55.44,4.8,0.8,57.76,24.64,11.2,2.45,157.08999999999997
海南,2021,450000,93.71999999999998,5.8,1.1,53.58,26.880000000000003,11.6,2.85,195.52999999999997
海南,2022,450000,100.32,5.4,0.9,49.97,24.0,10.6,2.25,193.44
海南,2023,450000,127.71000000000001,7.0,1.1,49.019999999999996,26.8,12.0,2.9,226.53
海南,2024,450000,122.1,8.4,1.2,49.97,27.12,11.6,2.5,222.89
湖北,2000,420000,,,,,,,,
湖北,2001,420000,,,,,,,,
湖北,2002,420000,,,,,,,,
湖北,2003,420000,,,,,,,,
湖北,2004,420000,,,,,,,,
湖北,2005,420000,,,,,,,,
湖北,2006,420000,,,,,,,,
湖北,2007,420000,,,,,,,,
湖北,2008,420000,,,,,,,,
湖北,2009,420000,,,,,,,,
湖北,2010,420000,,,,,,,,
湖北,2011,420000,,,,,,,,
湖北,2012,420000,,,,,,,,
湖北,2013,420000,,,,,,,,
湖北,2014,420000,,,,,,,,
湖北,2015,420000,73.91999999999999,3.2,0.6,10.45,11.920000000000002,17.0,4.0,121.08999999999999
湖北,2016,420000,68.64,3.2,0.8,11.589999999999998,12.64,16.8,3.8,117.47
湖北,2017,420000,68.30999999999999,3.4,0.6,10.26,12.08,15.2,3.45,113.3
湖北,2018,420000,75.57,3.8,0.6,10.639999999999999,12.32,14.2,3.4,120.52999999999999
湖北,2019,420000,67.32,4.6,0.6,13.299999999999999,14.080000000000002,15.2,3.7,118.79999999999998
湖北,2020,420000,64.02,5.0,0.7,14.629999999999999,14.480000000000002,19.4,3.85,122.07999999999998
湖北,2021,420000,92.73,5.0,0.7,16.15,15.600000000000001,19.2,5.45,154.82999999999998
湖北,2022,420000,88.77,5.0,0.7,15.2,14.32,19.8,4.55,148.34000000000003
湖北,2023,420000,100.98,5.8,1.0,18.24,14.080000000000002,21.6,4.6,166.29999999999998
湖北,2024,420000,85.46999999999998,6.8,1.0,15.770000000000001,13.440000000000001,18.0,4.1,144.57999999999996
湖南,2000,430000,,,,,,,,
湖南,2001,430000,,,,,,,,
湖南,2002,430000,,,,,,,,
湖南,2003,430000,,,,,,,,
湖南,2004,430000,,,,,,,,
湖南,2005,430000,,,,,,,,
湖南,2006,430000,,,,,,,,
湖南,2007,430000,,,,,,,,
湖南,2008,430000,,,,,,,,
湖南,2009,430000,,,,,,,,
湖南,2010,430000,,,,,,,,
湖南,2011,430000,,,,,,,,
湖南,2012,430000,,,,,,,,
湖南,2013,430000,,,,,,,,
湖南,2014,430000,,,,,,,,
湖南,2015,430000,85.46999999999998,3.0,0.5,18.429999999999996,9.200000000000001,14.4,2.9,133.89999999999998
湖南,2016,430000,82.83,3.6,0.6,20.33,9.840000000000002,15.2,2.7,135.09999999999997
湖南,2017,430000,89.43,3.8,0.7,20.33,9.440000000000001,16.0,2.85,142.54999999999998
湖南,2018,430000,98.34,3.8,0.6,20.52,9.520000000000001,15.6,3.35,151.73
湖南,2019,430000,84.80999999999999,4.4,0.6,26.029999999999998,11.840000000000002,17.4,3.45,148.52999999999997
湖南,2020,430000,74.91,4.4,0.6,30.02,11.68,20.6,3.7,145.90999999999997
湖南,2021,430000,105.6,4.4,0.7,29.07,11.68,21.8,4.45,177.70000000000002
湖南,2022,430000,111.86999999999999,4.8,0.6,27.17,11.68,21.4,4.0,181.52
湖南,2023,430000,131.33999999999997,6.2,0.8,24.889999999999997,11.68,24.6,3.95,203.45999999999995
湖南,2024,430000,118.46999999999998,7.6,0.9,25.65,12.240000000000002,21.4,3.95,190.20999999999998
甘肃,2000,620000,,,,,,,,
甘肃,2001,620000,,,,,,,,
甘肃,2002,620000,,,,,,,,
甘肃,2003,620000,,,,,,,,
甘肃,2004,620000,,,,,,,,
甘肃,2005,620000,,,,,,,,
甘肃,2006,620000,,,,,,,,
甘肃,2007,620000,,,,,,,,
甘肃,2008,620000,,,,,,,,
甘肃,2009,620000,,,,,,,,
甘肃,2010,620000,,,,,,,,
甘肃,2011,620000,,,,,,,,
甘肃,2012,620000,,,,,,,,
甘肃,2013,620000,,,,,,,,
甘肃,2014,620000,,,,,,,,
甘肃,2015,620000,41.58,2.8,2.4,7.6,1.6,15.2,6.7,77.88
甘肃,2016,620000,39.269999999999996,2.8,2.8,7.9799999999999995,1.6800000000000002,14.2,6.9,75.63
甘肃,2017,620000,37.62,2.8,2.4,8.36,1.7600000000000002,14.6,6.95,74.49
甘肃,2018,620000,47.19,2.4,2.4,9.12,1.92,17.4,6.8,87.22999999999999
甘肃,2019,620000,44.879999999999995,3.0,2.2,10.639999999999999,2.4800000000000004,16.2,7.95,87.35000000000001
甘肃,2020,620000,39.269999999999996,3.2,1.8,11.969999999999999,2.2399999999999998,18.6,7.85,84.92999999999999
甘肃,2021,620000,55.44,3.6,1.8,12.35,2.2399999999999998,20.8,8.7,104.92999999999999
甘肃,2022,620000,58.08,3.2,2.3,10.83,2.2399999999999998,20.6,7.35,104.6
甘肃,2023,620000,59.06999999999999,4.0,2.4,9.879999999999999,2.4000000000000004,19.0,5.8,102.55
甘肃,2024,620000,52.47,5.0,2.3,10.069999999999999,2.32,19.2,6.05,97.40999999999998
福建,2000,350000,,,,,,,,
福建,2001,350000,,,,,,,,
福建,2002,350000,,,,,,,,
福建,2003,350000,,,,,,,,
福建,2004,350000,,,,,,,,
福建,2005,350000,,,,,,,,
福建,2006,350000,,,,,,,,
福建,2007,350000,,,,,,,,
福建,2008,350000,,,,,,,,
福建,2009,350000,,,,,,,,
福建,2010,350000,,,,,,,,
福建,2011,350000,,,,,,,,
福建,2012,350000,,,,,,,,
福建,2013,350000,,,,,,,,
福建,2014,350000,,,,,,,,
福建,2015,350000,84.14999999999999,3.0,0.7,20.139999999999997,20.8,16.4,5.4,150.59
福建,2016,350000,85.14,3.8,0.8,23.179999999999996,21.28,17.6,5.5,157.29999999999998
福建,2017,350000,85.46999999999998,3.8,0.8,22.42,20.64,17.4,5.4,155.93
福建,2018,350000,96.03,3.8,0.7,21.849999999999998,19.12,17.2,5.85,164.54999999999998
福建,2019,350000,73.59,4.4,0.7,24.7,20.240000000000002,18.2,5.35,147.18
福建,2020,350000,63.69,4.2,0.6,29.83,21.12,21.4,5.85,146.69
福建,2021,350000,91.41,4.8,0.8,28.5,21.44,22.8,6.7,176.45
福建,2022,350000,98.66999999999999,5.0,0.8,25.84,20.560000000000002,22.2,5.7,178.76999999999995
福建,2023,350000,117.81,7.0,0.9,27.74,25.200000000000003,20.8,6.5,205.95000000000005
福建,2024,350000,110.55,8.4,1.2,27.549999999999997,24.560000000000002,26.2,6.05,204.51
西藏,2000,540000,,,,,,,,
西藏,2001,540000,,,,,,,,
西藏,2002,540000,,,,,,,,
西藏,2003,540000,,,,,,,,
西藏,2004,540000,,,,,,,,
西藏,2005,540000,,,,,,,,
西藏,2006,540000,,,,,,,,
西藏,2007,540000,,,,,,,,
西藏,2008,540000,,,,,,,,
西藏,2009,540000,,,,,,,,
西藏,2010,540000,,,,,,,,
西藏,2011,540000,,,,,,,,
西藏,2012,540000,,,,,,,,
西藏,2013,540000,,,,,,,,
西藏,2014,540000,,,,,,,,
西藏,2015,540000,22.11,52.8,5.8,1.71,0.4,6.2,10.7,99.72
西藏,2016,540000,30.69,43.6,9.6,1.71,0.32000000000000006,5.8,10.2,101.91999999999999
西藏,2017,540000,25.08,27.8,7.9,2.6599999999999997,0.5599999999999999,7.4,11.25,82.64999999999999
西藏,2018,540000,22.11,35.8,4.5,2.8499999999999996,0.4,7.2,7.15,80.01
西藏,2019,540000,18.81,35.0,3.7,3.23,0.48,6.4,5.8,73.42
西藏,2020,540000,22.11,34.8,5.5,2.28,0.32000000000000006,4.8,4.25,74.05999999999999
西藏,2021,540000,20.46,43.8,6.6,2.28,0.4,5.4,4.65,83.59
西藏,2022,540000,22.439999999999998,46.0,6.6,1.9,0.4,6.6,4.8,88.74
西藏,2023,540000,23.429999999999996,51.6,6.7,2.28,0.48,6.0,3.8,94.29
西藏,2024,540000,21.779999999999998,51.8,5.1,1.9,0.5599999999999999,6.4,5.25,92.79
贵州,2000,520000,,4.72,0.68,,,,,
贵州,2001,520000,,,,,,,,
贵州,2002,520000,,,,,,,,
贵州,2003,520000,,,,,,,,
贵州,2004,520000,,,,,,,,
贵州,2005,520000,,,,,,,,
贵州,2006,520000,,,,,,,,
贵州,2007,520000,,,,,,,,
贵州,2008,520000,,,,,,,,
贵州,2009,520000,,,,,,,,
贵州,2010,520000,,,,,,,,
贵州,2011,520000,,,,,,,,
贵州,2012,520000,,,,,,,,
贵州,2013,520000,,,,,,,,
贵州,2014,520000,,,,,,,,
贵州,2015,520000,98.34,2.4,0.3,9.69,1.7600000000000002,8.8,2.65,123.94000000000001
贵州,2016,520000,92.39999999999999,2.4,0.3,10.26,1.92,8.6,2.75,118.63
贵州,2017,520000,91.08,2.4,0.3,9.5,1.92,8.4,2.7,116.30000000000001
贵州,2018,520000,96.03,2.0,0.2,8.739999999999998,1.7600000000000002,6.8,2.2,117.73
贵州,2019,520000,85.8,2.0,0.2,10.639999999999999,2.2399999999999998,7.4,2.3,110.58
贵州,2020,520000,73.59,2.0,0.2,12.54,2.4000000000000004,9.6,2.55,102.88000000000001
贵州,2021,520000,93.05999999999999,2.2,0.2,13.11,2.8000000000000003,9.6,3.2,124.16999999999999
贵州,2022,520000,101.30999999999999,2.2,0.4,13.11,2.8800000000000003,10.4,3.35,133.64999999999998
贵州,2023,520000,99.99,2.4,0.3,13.299999999999999,2.9600000000000004,10.4,3.35,132.7
贵州,2024,520000,101.96999999999998,3.2,0.3,14.06,3.12,10.6,3.35,136.6
辽宁,2000,210000,,,,,,,,
辽宁,2001,210000,,,,,,,,
辽宁,2002,210000,,,,,,,,
辽宁,2003,210000,,,,,,,,
辽宁,2004,210000,,,,,,,,
辽宁,2005,210000,,,,,,,,
辽宁,2006,210000,,,,,,,,
辽宁,2007,210000,,,,,,,,
辽宁,2008,210000,,,,,,,,
辽宁,2009,210000,,,,,,,,
辽宁,2010,210000,,,,,,,,
辽宁,2011,210000,,,,,,,,
辽宁,2012,210000,,,,,,,,
辽宁,2013,210000,,,,,,,,
辽宁,2014,210000,,,,,,,,
辽宁,2015,210000,59.730000000000004,4.2,1.3,8.93,11.120000000000001,24.6,7.2,117.08
辽宁,2016,210000,60.39,5.2,1.8,10.069999999999999,11.840000000000002,26.6,7.4,123.30000000000001
辽宁,2017,210000,61.05,5.2,1.5,9.879999999999999,11.600000000000001,27.2,7.5,123.92999999999999
辽宁,2018,210000,62.699999999999996,5.2,1.3,9.69,10.96,24.2,7.45,121.5
辽宁,2019,210000,59.06999999999999,5.4,1.1,10.639999999999999,12.32,26.2,8.0,122.73
辽宁,2020,210000,54.449999999999996,6.2,1.4,13.489999999999998,12.08,33.2,8.85,129.67
辽宁,2021,210000,86.78999999999999,7.6,1.6,14.25,13.680000000000001,35.0,9.65,168.57
辽宁,2022,210000,90.75,7.6,1.5,12.92,13.600000000000001,37.4,7.8,171.57000000000002
辽宁,2023,210000,101.30999999999999,7.8,1.9,14.25,14.480000000000002,38.8,7.8,186.33999999999997
辽宁,2024,210000,89.1,9.6,2.1,14.44,13.280000000000001,38.6,7.1,174.21999999999997
重庆,2000,500000,85.338,,,7.770999999999999,,11.58,,
重庆,2001,500000,,,,,,,,
重庆,2002,500000,,,,,,,,
重庆,2003,500000,,,,,,,,
重庆,2004,500000,,,,,,,,
重庆,2005,500000,,,,,,,,
重庆,2006,500000,,,,,,,,
重庆,2007,500000,,,,,,,,
重庆,2008,500000,,,,,,,,
重庆,2009,500000,,,,,,,,
重庆,2010,500000,,,,,,,,
重庆,2011,500000,,,,,,,,
重庆,2012,500000,,,,,,,,
重庆,2013,500000,109.56,2.62,0.39,,7.32,17.8,8.095,
重庆,2014,500000,110.616,2.52,0.35,,7.664000000000001,18.24,8.165,
重庆,2015,500000,111.111,2.52,0.52,19.38,7.912000000000001,20.28,7.3,169.02300000000002
重庆,2016,500000,110.748,2.74,0.76,21.47,7.976000000000001,19.76,8.31,171.764
重庆,2017,500000,111.705,2.86,0.75,22.04,8.376000000000001,19.68,8.605,174.016
重庆,2018,500000,128.00699999999998,2.68,0.58,19.0,7.944,19.54,6.32,184.07099999999997
重庆,2019,500000,111.21000000000001,3.4,0.5,22.61,9.68,20.6,6.65,174.65000000000003
重庆,2020,500000,98.66999999999999,3.8,0.5,25.84,10.0,23.6,7.0,169.40999999999997
重庆,2021,500000,130.68,4.6,0.7,27.74,11.920000000000002,28.4,8.75,212.79
重庆,2022,500000,151.14,5.4,0.7,27.549999999999997,12.0,29.4,7.85,234.03999999999996
重庆,2023,500000,160.04999999999998,6.6,1.0,26.79,12.48,30.6,8.7,246.21999999999994
重庆,2024,500000,149.48999999999998,7.0,0.9,26.41,11.920000000000002,28.0,8.15,231.86999999999998
陕西,2000,610000,,,,,,,,
陕西,2001,610000,,,,,,,,
陕西,2002,610000,,,,,,,,
陕西,2003,610000,,,,,,,,
陕西,2004,610000,,,,,,,,
陕西,2005,610000,,,,,,,,
陕西,2006,610000,,,,,,,,
陕西,2007,610000,,,,,,,,
陕西,2008,610000,,,,,,,,
陕西,2009,610000,,,,,,,,
陕西,2010,610000,,,,,,,,
陕西,2011,610000,,,,,,,,
陕西,2012,610000,,,,,,,,
陕西,2013,610000,28.709999999999997,1.2,0.7,2.8499999999999996,1.36,,5.0,
陕西,2014,610000,30.359999999999996,1.4,0.7,3.04,1.2800000000000002,,5.05,
陕西,2015,610000,34.32,1.2,1.0,4.369999999999999,1.6800000000000002,15.2,6.3,64.07
陕西,2016,610000,33.0,1.2,1.2,5.319999999999999,1.7600000000000002,14.0,6.7,63.18000000000001
陕西,2017,610000,33.66,1.4,1.2,5.13,2.0,16.0,7.3,66.69
陕西,2018,610000,38.94,2.0,1.1,5.51,2.2399999999999998,15.6,6.9,72.29
陕西,2019,610000,35.97,2.4,1.4,6.6499999999999995,2.64,17.8,7.25,74.11
陕西,2020,610000,34.65,2.4,1.3,7.6,2.4800000000000004,20.6,7.35,76.38
陕西,2021,610000,47.849999999999994,2.4,1.2,7.789999999999999,2.5600000000000005,22.8,7.7,92.3
陕西,2022,610000,52.14,2.6,1.2,7.789999999999999,2.72,24.6,7.35,98.4
陕西,2023,610000,61.38,2.8,1.4,8.549999999999999,2.9600000000000004,25.6,6.85,109.53999999999999
陕西,2024,610000,53.13,3.6,1.5,8.17,2.8000000000000003,24.8,6.85,100.85
青海,2000,630000,,,,,,,,
青海,2001,630000,,,,,,,,
青海,2002,630000,,,,,,,,
青海,2003,630000,,,,,,,,
青海,2004,630000,,,,,,,,
青海,2005,630000,,,,,,,,
青海,2006,630000,,,,,,,,
青海,2007,630000,,,,,,,,
青海,2008,630000,,,,,,,,
青海,2009,630000,,,,,,,,
青海,2010,630000,,,,,,,,
青海,2011,630000,,,,,,,,
青海,2012,630000,,,,,,,,
青海,2013,630000,,,,,,,,
青海,2014,630000,,,,,,,,
青海,2015,630000,33.99,9.0,6.9,6.08,1.6800000000000002,8.6,8.7,74.95
青海,2016,630000,40.59,10.0,8.0,6.08,1.6,9.2,9.1,84.57
青海,2017,630000,37.62,10.6,7.1,6.6499999999999995,1.6,9.6,8.95,82.12
青海,2018,630000,32.34,18.8,6.6,5.51,1.36,7.4,8.8,80.81
青海,2019,630000,28.709999999999997,18.0,5.5,6.46,1.6,8.4,9.4,78.07000000000001
青海,2020,630000,26.729999999999997,20.0,4.7,7.03,1.52,10.4,8.35,78.73
青海,2021,630000,42.9,10.2,5.1,7.409999999999999,1.4400000000000002,11.2,8.5,86.75
青海,2022,630000,43.23,19.8,5.6,7.22,1.6800000000000002,14.0,8.75,100.28
青海,2023,630000,41.58,20.6,6.6,7.409999999999999,1.92,13.2,8.9,100.21000000000001
青海,2024,630000,37.949999999999996,21.6,6.1,7.789999999999999,2.0,12.6,9.2,97.24
黑龙江,2000,230000,,,,,,,,
黑龙江,2001,230000,,,,,,,,
黑龙江,2002,230000,,,,,,,,
黑龙江,2003,230000,,,,,,,,
黑龙江,2004,230000,,,,,,,,
黑龙江,2005,230000,,,,,,,,
黑龙江,2006,230000,,,,,,,,
黑龙江,2007,230000,,,,,,,,
黑龙江,2008,230000,,,,,,,,
黑龙江,2009,230000,,,,,,,,
黑龙江,2010,230000,,,,,,,,
黑龙江,2011,230000,,,,,,,,
黑龙江,2012,230000,,,,,,,,
黑龙江,2013,230000,,,,,,,,
黑龙江,2014,230000,,,,,,,,
黑龙江,2015,230000,45.87,3.0,1.2,8.549999999999999,6.32,19.2,5.2,89.34
黑龙江,2016,230000,46.85999999999999,3.6,1.5,10.45,6.640000000000001,19.8,4.9,93.75
黑龙江,2017,230000,50.82,3.8,1.4,10.83,6.56,22.2,5.2,100.81
黑龙江,2018,230000,61.05,4.0,1.1,10.069999999999999,7.2,21.8,5.2,110.41999999999999
黑龙江,2019,230000,49.83,3.8,1.1,11.399999999999999,8.24,24.4,4.9,103.66999999999999
黑龙江,2020,230000,49.5,4.6,1.4,15.579999999999998,8.24,32.8,5.3,117.41999999999999
黑龙江,2021,230000,80.52,5.0,1.6,16.34,8.56,33.4,6.2,151.61999999999998
黑龙江,2022,230000,75.89999999999999,5.2,1.6,13.11,8.959999999999999,32.0,5.3,142.07
黑龙江,2023,230000,89.1,5.8,2.0,13.11,9.440000000000001,33.0,5.25,157.7
黑龙江,2024,230000,74.25,7.8,2.0,13.489999999999998,9.520000000000001,34.2,5.0,146.26
